timestamp,temperature,humidity,soil_moisture,water_level,light_intensity,soil_ph,pump_status,battery
2024-01-01 00:00:00,16.225164797122027,80.24931432943103,50.09289584180774,350.0,4.356330609348267,6.1442969688102185,0,98.0
2024-01-01 00:15:00,15.0,72.8749176622566,50.11163819709537,349.15389363654333,4.064397896042554,6.779970083497473,0,97.71303150337799
2024-01-01 00:30:00,15.0,72.48042012270794,49.9489407667157,347.88090004644266,1.1093753271187212,6.507574187361413,0,97.57034420462841
2024-01-01 00:45:00,15.0,77.46661627133882,50.68685452086563,346.95129379601104,1.340643797764336,6.29423399503188,0,97.42704416190601
2024-01-01 01:00:00,15.0,62.60870392833368,50.25489421531797,346.22945365481456,9.757712476825319,6.50589484882666,0,96.99989061834142
2024-01-01 01:15:00,16.107985996005546,79.1554968478691,46.22315454501538,344.97783685188534,5.834986292095329,6.685256667355779,0,96.65515053511419
2024-01-01 01:30:00,15.0,77.41541142241299,48.935329907197826,343.4498044026569,2.1132652047744505,7.056686189438529,0,96.25567250366466
2024-01-01 01:45:00,18.622979722157083,69.65557795744532,47.554983085086754,342.3789193054116,7.574420941315211,6.791964785927947,0,95.83255388022444
2024-01-01 02:00:00,15.0,73.72877534170995,54.514942342573164,340.8111879885776,7.504131171041855,6.0933482353083255,0,95.37724512966189
2024-01-01 02:15:00,16.245123893182754,65.2629439128401,52.48354165547351,339.0408586249442,3.3782655364767065,6.64500887832807,0,94.90512186758573
2024-01-01 02:30:00,16.51378695681043,68.92351300218371,52.163886954216004,338.02244965142944,3.860078769454083,6.812204334364251,0,94.71671522757285
2024-01-01 02:45:00,15.46215344357207,71.33647061661605,55.93157880721635,316.9595768259272,4.603861153677648,6.531439961654514,0,94.6057961351633
2024-01-01 03:00:00,18.587845754440515,68.94392023654028,49.00787001043656,315.5926230904973,3.0547581192839512,6.164052008351811,0,94.15063920486975
2024-01-01 03:15:00,18.282749745849948,71.92160575768612,49.34760027110153,346.50796985062607,9.336746975564905,6.4084379685873225,0,93.85635488473557
2024-01-01 03:30:00,16.327302457825123,61.85303921539928,50.95447228460529,345.0084498043406,0.627667025913734,6.28271328643948,0,93.64693434873602
2024-01-01 03:45:00,19.151353658681952,70.06649669091945,60.34565674321364,343.5834599522798,3.863094488478839,6.29136162275744,0,93.42373576436303
2024-01-01 04:00:00,21.006058451294873,59.463602983061556,56.95525255037579,342.4956803210829,7.328368692272446,6.800894490588255,0,93.18952067328911
2024-01-01 04:15:00,21.00549412794835,70.60209011329322,56.68537701106576,341.11894188951135,7.237327265764297,6.2853190025530035,0,92.86490416953964
2024-01-01 04:30:00,19.853740892213835,68.99830412393432,55.4099509242552,340.0685487361722,8.956815716236962,6.767023436727008,0,92.56974199213322
2024-01-01 04:45:00,17.55846475757632,70.40134641282891,51.49154358770412,338.53465580787076,8.145393874280703,6.103557764260649,0,92.38322064639819
2024-01-01 05:00:00,21.33195962153783,60.64850621475867,51.222092697268884,336.96375184695376,2.166922029352877,6.01061541877269,0,92.2591871856441
2024-01-01 05:15:00,21.488705683170583,66.8250088262397,60.31612659859218,334.9937478937874,4.4676802895869505,6.2180838836934305,0,91.85022615710352
2024-01-01 05:30:00,22.402103996444083,56.84811973814254,55.294944346087846,333.6389903360987,5.069473642382989,6.452502042241532,0,91.48091299675771
2024-01-01 05:45:00,22.756307346527436,64.02916987947913,58.209062692939156,332.8867479373798,0.35886764118814085,6.564153606109209,0,91.22483637514065
2024-01-01 06:00:00,26.10139258165342,50.36832727235765,61.7503947880593,331.951991696326,0.0,6.358435737889798,0,91.08884275305188
2024-01-01 06:15:00,23.844173240898755,72.24230224134062,56.048154668722894,331.4411150284506,9.742124615367509,6.085586849400227,0,90.59830683602999
2024-01-01 06:30:00,26.319573651669103,65.84115301537315,54.771396698760974,329.54866844944,7.811784232304502,5.973209559649577,0,90.28870686358398
2024-01-01 06:45:00,25.49269007937533,62.01512290640726,59.50046530279129,328.00892404391146,0.0,6.068124295324134,0,89.81078872245733
2024-01-01 07:00:00,27.334631822094067,48.119117733379525,54.13274676069658,327.50783354237285,17.118840860712993,6.615840673284761,0,89.61169084800248
2024-01-01 07:15:00,25.151050575464193,53.68991800657427,57.824745105588995,326.30611323043235,36.89146268011693,6.479767486832885,0,89.35272523622749
2024-01-01 07:30:00,27.098957448303057,60.425202887895644,57.970096286373796,374.3894539716093,34.991580717168965,7.050464468442847,0,88.91512906344406
2024-01-01 07:45:00,27.38369033469716,56.702415250876555,51.704261239976276,372.6908571553061,17.66008217144728,6.460891672724533,0,88.52156883025211
2024-01-01 08:00:00,33.23633313661978,56.637664881061106,51.51677124462466,370.84404843809324,52.65347210027802,6.7701270728431115,0,89.24508843283269
2024-01-01 08:15:00,30.11851880337236,53.46180651044624,59.41784293549983,369.7203486603976,45.50523864667451,6.819365579811431,0,89.84885408403935
2024-01-01 08:30:00,29.6598745319917,55.19757775234019,51.78646673672951,368.47925738717146,55.99026874286618,6.1255232619398505,0,90.20088227621754
2024-01-01 08:45:00,28.498399217947064,63.459106717528144,54.89817167975464,366.6160117758589,48.34874054368454,6.881783711150852,0,90.97128983836076
2024-01-01 09:00:00,32.99338343629805,36.59837372894151,65.28181558554172,365.8724667301955,57.420896202287196,6.882146023771822,0,91.52088310172294
2024-01-01 09:15:00,32.90839835775807,44.80402222101467,56.80355461209081,365.15542005039214,71.33329544868215,6.478832354296443,0,91.95358703971644
2024-01-01 09:30:00,31.53078967983853,50.84310101255888,51.09275163816421,364.06399220449504,71.11056984773867,6.801525681766896,0,92.55647334867595
2024-01-01 09:45:00,31.7609155027843,57.652838371941314,52.16999423246144,363.5564600478048,66.09893404992465,7.1301394570354635,0,92.7758551428711
2024-01-01 10:00:00,32.31764281474779,37.67872679666655,42.89144016489311,362.3993773979609,87.60904094467726,5.881450756953326,0,93.55002590135807
2024-01-01 10:15:00,35.97072104591116,46.38713718404253,53.15550240712613,361.10835551557403,88.54157787838983,6.066581058791131,0,94.16125445382126
2024-01-01 10:30:00,34.492361934379296,46.70649627833291,55.24727145469085,338.4797989826939,82.02499277065412,6.7983858382577145,0,94.42425770013018
2024-01-01 10:45:00,33.549114157910196,49.174274009097076,55.5356072333503,336.6614391362301,77.16991593246502,5.846254291531477,0,94.6839346559964
2024-01-01 11:00:00,37.34740495470701,51.67747657682313,56.18525855492495,336.0878931172852,89.52695299189313,6.5549340773104054,0,95.20689544311949
2024-01-01 11:15:00,35.02313657560906,49.31061163008734,42.689009589960456,334.0270361482312,100.0,6.288790806615256,0,95.8404140747427
2024-01-01 11:30:00,35.00208282280441,42.19632106858131,51.9877237420207,332.4822234883293,96.64893012202806,6.771205186932161,0,96.71769407900747
2024-01-01 11:45:00,33.45180685393363,46.07367396450578,45.35771315833005,331.20365319219803,95.86169446674067,6.468152584484993,0,97.21834090143282
2024-01-01 12:00:00,34.36623144244993,48.50990166553332,46.349065353387864,329.66909894171624,100.0,6.244597093588987,0,97.81496412041682
2024-01-01 12:15:00,34.53249309342487,46.238319846334655,59.14446297929036,329.010530937866,98.14678863159169,6.661914271901886,0,98.22234477822597
2024-01-01 12:30:00,33.032093735961396,54.13156820215121,52.35423743706524,327.4361775279951,98.31895680053027,6.822135711228877,0,99.21835038453948
2024-01-01 12:45:00,34.22387453240972,44.11706104713242,46.3538206653309,326.02713014644036,97.8927021954914,6.014412576540455,0,99.45459998163204
2024-01-01 13:00:00,35.30549697900175,36.64317332052007,47.59843943694093,324.616090020511,76.92402503513793,6.138218919533117,0,100.0
2024-01-01 13:15:00,32.556839179256045,51.266065013912716,54.24118490387412,371.089087005402,87.22578120083718,6.501302493651551,0,100.0
2024-01-01 13:30:00,35.915931457832414,43.16176602693445,46.19053650166262,370.20472258681235,95.55446183197316,6.519888091684732,0,100.0
2024-01-01 13:45:00,34.962226736580824,48.97845614117212,49.82069267829592,369.40166676257655,100.0,6.664793664787673,0,100.0
2024-01-01 14:00:00,33.175731924059704,42.49925574900304,47.75740305501319,368.6640562007909,90.8427529193381,6.419761655809069,0,100.0
2024-01-01 14:15:00,28.858324553527417,48.34379246433231,45.053063460374915,367.5510239512095,71.34532257387372,6.682244237486728,0,100.0
2024-01-01 14:30:00,33.67303783622554,43.30553545588106,52.56448822547456,366.5006135304399,91.65587015503607,6.505826482945435,0,100.0
2024-01-01 14:45:00,32.390627015436245,46.178392166502874,50.11999815038268,341.6921240483765,95.72123693545632,6.278305041855486,0,100.0
2024-01-01 15:00:00,32.41518614546855,44.24970777848979,45.26423746336149,339.9517547612741,71.08336077039439,6.316534346687705,0,100.0
2024-01-01 15:15:00,29.8193195619859,41.029515002297615,46.859906275404896,338.95427087489253,76.67592806295787,6.336626456909592,0,100.0
2024-01-01 15:30:00,33.17683701186993,44.184613729102026,47.49869033318812,337.11393750569886,77.78313821205077,6.770262881022322,0,100.0
2024-01-01 15:45:00,33.90044618857408,46.99389779084591,44.81981557763696,335.16437681764484,82.34050804633279,5.928149480364853,0,100.0
2024-01-01 16:00:00,29.26885679936976,52.524559849665195,43.406388581160144,333.8958002874825,58.00727587022266,6.794492437268398,0,100.0
2024-01-01 16:15:00,29.420461979649414,47.377282359114794,42.34615461929285,333.23156487286985,40.498042792216815,6.645000552542182,0,100.0
2024-01-01 16:30:00,30.846075389019212,44.858418115731126,42.48299460074672,331.5264962957874,34.904021118677996,6.8912027149192125,0,100.0
2024-01-01 16:45:00,31.62384310849332,54.25318064881162,45.21328671117418,329.5345257638375,43.51660697158793,6.602179659338662,0,100.0
2024-01-01 17:00:00,28.107289420359884,46.775330528314086,48.68400519529275,326.1740289246749,30.848259515320322,6.492006880247769,0,99.6272501651649
2024-01-01 17:15:00,29.804509654674142,57.31392912135805,49.84103587324715,325.46097649547477,18.272714156387647,6.5377340455652595,0,99.50641978659942
2024-01-01 17:30:00,28.883698026890613,52.3206079128273,39.6186182892441,324.1316387002885,6.452858930847075,6.251921368671177,0,99.21998642791785
2024-01-01 17:45:00,30.010252368966555,56.16204493432084,47.32223008684941,323.16532694347774,22.539436162167572,6.519376130528364,0,98.90131683087125
2024-01-01 18:00:00,25.264650670179936,67.83593414051336,33.98987520406516,321.24500738733536,0.0,6.452606992131171,1,98.62808337324171
2024-01-01 18:15:00,23.421488060313788,51.44147430418512,48.6309222471112,320.51551738232314,0.0,7.017090662993624,0,98.38160626749496
2024-01-01 18:30:00,25.77358861210958,63.72467835758247,34.11330963243139,320.6325718631533,2.237078447468219,6.82385665777365,1,98.18067926811418
2024-01-01 18:45:00,24.656575312585378,58.91140102930001,45.99240606202305,319.16675185936094,22.659086976429343,6.563024935083096,0,97.86451723276595
2024-01-01 19:00:00,21.65355797970291,69.65899466785103,48.122448097702666,367.41003641675945,3.934016707070903,6.444324868378587,0,97.37368981887508
2024-01-01 19:15:00,22.747988800739478,63.92155669525004,45.27485258932946,364.857338908191,3.014356593926392,6.316647722908726,0,96.94135052876472
2024-01-01 19:30:00,20.522702117182394,67.51146086505801,44.70316352518978,363.4689039326296,3.6887938632536574,5.949382737014776,0,96.53137036041939
2024-01-01 19:45:00,22.6993330516576,62.13825611428243,44.80537706043587,362.06232104791525,7.119597541269247,6.814946602527821,0,96.04000910961581
2024-01-01 20:00:00,18.66284490970372,72.19731685135625,37.641972311279915,359.28813723007465,6.737527117472146,6.005403560141087,0,95.83650690061786
2024-01-01 20:15:00,18.858443286271985,62.37377344951191,45.06184703204304,357.605875887063,9.276137333617815,6.606856305950943,0,95.59637328843134
2024-01-01 20:30:00,22.34456247994785,71.97564817194373,43.07277193060326,355.6135479085156,3.711694565961483,7.067016797896563,0,95.42205840183983
2024-01-01 20:45:00,16.135067750999436,67.34259058591059,44.75907788726684,353.76527312857644,3.7504041052394133,6.601880912755612,0,94.92869510695341
2024-01-01 21:00:00,19.181356429888584,61.211042358962324,40.36905066235112,352.1234608655845,8.537580606662027,6.461040612187855,0,94.55480237409722
2024-01-01 21:15:00,16.860693191157026,66.35616563295216,45.31084628774636,351.277017818177,7.088010863384778,6.976352418464591,0,94.1003003737604
2024-01-01 21:30:00,17.380462955840706,77.98535364583913,43.894200097418185,350.2622274948901,1.2200841999534784,6.726532453826926,0,93.8688695973053
2024-01-01 21:45:00,18.309881861703232,64.91093526694172,50.914240848558784,348.6680855340661,7.882813689789041,6.503427471835656,0,93.54704312538045
2024-01-01 22:00:00,17.854662616545127,72.81893924609595,47.670406402888986,346.81936140509345,9.491910434749046,6.837311158382112,0,93.27158669084085
2024-01-01 22:15:00,15.613474240056842,83.37107680079542,50.711267552147866,345.6845378378481,2.187523340923817,6.434035673236133,0,92.82770881784212
2024-01-01 22:30:00,18.139197508322905,76.64256552620303,47.18787027383303,329.1385526777461,5.500296712972002,6.598676708306853,0,92.69974594912074
2024-01-01 22:45:00,15.0,77.83236447703658,50.9582491708435,327.5287647633009,5.250074001237291,6.138630089489328,0,92.4658104456664
2024-01-01 23:00:00,15.0,69.26226350187054,48.889111803187774,326.3207464219062,8.986574572528173,6.716183537390074,0,92.27802196103953
2024-01-01 23:15:00,17.31021358614789,74.69299860341607,47.535819251902865,324.52028035501087,5.51094370530695,6.0616701752363085,0,92.09002451408496
2024-01-01 23:30:00,18.252623693774197,82.87046402241845,50.10578673775571,323.2929246933062,6.4311516790863745,6.543511600009933,0,91.92485915681883
2024-01-01 23:45:00,15.0,74.98060887671262,51.55518029382603,321.46715702726146,2.91072251438227,6.313795121261811,0,91.5742116454872
2024-01-02 00:00:00,17.599359694577313,60.42434622577927,50.865743687817634,320.66160862255254,9.750193928650386,6.657905444374169,0,91.43627795100383
2024-01-02 00:15:00,16.96620654550273,68.38548814208974,46.42959481857971,319.97470519306995,3.1285297754716614,6.516716186597522,0,91.23476729258256
2024-01-02 00:30:00,15.0,75.43699455132264,50.48475040979729,318.87324575894286,7.449795095354366,6.037343147292117,0,91.0167895926901
2024-01-02 00:45:00,15.958643801077423,69.47625365246348,41.340707850713216,318.3614120740311,8.192821758549712,6.197899195988423,0,90.78896025459446
2024-01-02 01:00:00,15.0,82.27151935300621,53.800758181161314,352.1911428464574,0.15434923994011918,6.359192336775798,0,90.43234835318668
2024-01-02 01:15:00,16.91534627688754,76.32209213124692,56.896331715952385,350.61834462560233,6.470821183293561,6.538694904709281,0,89.94883776670854
2024-01-02 01:30:00,15.350632114129237,76.60075848009276,58.341969604824115,316.41818898691895,4.398329693793535,5.916815270548709,0,89.70416250145833
2024-01-02 01:45:00,15.0,77.83897218590964,48.45380042641899,315.55695942207177,0.9058698538365983,6.716554557984187,0,89.20633679377924
2024-01-02 02:00:00,15.760136224924263,70.78798122790538,51.286347699801276,314.75622809635735,2.188334291299018,6.024858951712522,0,89.07911794209772
2024-01-02 02:15:00,15.0,72.73463308417631,55.04108624406059,301.3669357121818,2.4315256991890455,5.919955380068009,0,88.68732432297489
2024-01-02 02:30:00,17.312918020503563,66.58719751178599,49.51627594611896,300.7003668659336,9.014770839996732,6.323117631244892,0,88.48778235802536
2024-01-02 02:45:00,17.57879767468011,69.33492350372464,60.11394628320349,299.31949096313946,3.364587457858652,6.854896244931703,0,88.22104983602672
2024-01-02 03:00:00,18.689154240234206,66.30403648440716,54.495926064123694,298.0356395951235,5.932029136375992,6.471864849991654,0,87.80254862491145
2024-01-02 03:15:00,18.3879873885337,74.71231313966425,53.137956611158586,297.2624317555067,7.00074461811957,6.371590712668318,0,87.5301237144469
2024-01-02 03:30:00,18.37072450635377,81.66700123536887,57.61049913177986,296.05908506927017,7.89983187941056,6.454208586136795,0,87.35279265272267
2024-01-02 03:45:00,16.455428484513497,71.29991286130726,53.48499310753953,365.8523230128102,5.043493379555679,6.40472478083395,0,87.17744351248395
2024-01-02 04:00:00,21.119289385314925,71.14628935161355,56.2786453633129,364.5557396828691,9.196762840472763,6.981682942580721,0,86.87101569985995
2024-01-02 04:15:00,17.35654197017605,62.25365047604064,53.160122432292425,363.1544784627467,0.7817604892717211,6.356599780580247,0,86.40374866000661
2024-01-02 04:30:00,18.590590050809524,69.78867504210797,43.575577271253465,361.23827237733053,9.155544452232366,5.998517900744574,0,85.9332131209529
2024-01-02 04:45:00,21.987031378987272,69.5417787882027,53.26645355893218,359.772654789571,0.9800588512688979,6.29880215296634,0,85.79652917304092
2024-01-02 05:00:00,20.421624211388412,67.05521408150837,50.80099982151851,357.99832643843985,8.19693025811098,6.55556995103051,0,85.60906875800856
2024-01-02 05:15:00,18.160743822373554,76.55835744604796,56.55904491168289,356.0656944764875,0.2618344477446455,6.326469356988835,0,85.35845703459296
2024-01-02 05:30:00,26.758933286356886,66.39463488439563,47.25457627759454,354.3379959523371,4.527437563625428,6.782226250037672,0,84.938356266516
2024-01-02 05:45:00,22.989910756302514,68.05106721038545,52.05641564478018,353.83650048356395,7.2126658084130915,6.44456402366194,0,84.51000889833259
2024-01-02 06:00:00,23.956897693709152,62.7344539386083,52.33233327676363,303.14939327577497,3.2122165710909316,6.285996213405747,0,84.08066277249586
2024-01-02 06:15:00,22.988380757396772,65.08045416255618,58.2251650941843,301.88130681785344,4.336794276863466,6.738083320583964,0,83.78911000675217
2024-01-02 06:30:00,25.731949081950674,54.611943593644334,54.49281105287493,300.1621350457364,0.0,6.6516129995046,0,83.53129865260682
2024-01-02 06:45:00,24.736937244442423,57.07403002552415,51.456110867457895,298.76133441157515,7.3389727744623885,6.743458025383587,0,83.3490859890076
2024-01-02 07:00:00,26.93385561701085,48.003186411815406,57.329278927876636,357.98082849234504,23.74044513735666,6.5985900789455485,0,82.8514261420447
2024-01-02 07:15:00,30.247471335457092,53.971017422289556,57.440736498512415,356.59323465040677,26.006254619388727,6.252108759334411,0,82.42547292832803
2024-01-02 07:30:00,29.64047835561281,57.767988363736684,51.48459882901004,354.6581000081332,19.235533280590758,6.8933108709141155,0,82.2492766645304
2024-01-02 07:45:00,28.297428021929303,65.99030034273926,61.34201757030025,352.8156745803049,32.81759874093024,5.98036841578824,0,82.14003889784394
2024-01-02 08:00:00,28.02684136799114,58.28922872732806,56.96013397503496,351.6379042700669,65.22210418848334,6.921602728071652,0,82.73528838159508
2024-01-02 08:15:00,32.21673645842495,58.2563053379142,56.482380507950545,350.9617343815857,55.84428444560912,6.505888906882213,0,83.22282126475292
2024-01-02 08:30:00,30.535167087373257,57.339816194600246,56.19523958954697,350.1797696744924,51.07088809854144,6.453531107942743,0,83.42437629403733
2024-01-02 08:45:00,31.043710644632416,54.77567419747428,49.64501336278359,316.0500869259134,51.395028054882076,6.060901509073011,0,83.73844321317867
2024-01-02 09:00:00,33.54245451673876,56.851731967143124,55.2023790826215,315.1449466560993,70.31857584684863,5.811989022368186,0,83.9804076280905
2024-01-02 09:15:00,36.34832137330805,52.4700194516175,52.757187775065276,362.75471979812414,68.1475535693837,6.178475681461481,0,84.7118065370762
2024-01-02 09:30:00,31.043751286854402,40.870519923574015,54.018796493503416,362.0079126786132,67.45875409947676,6.1012617815992245,0,85.19223486591633
2024-01-02 09:45:00,34.341141412417805,39.51501422183237,52.097243630920794,354.2780696944192,61.750684907652385,6.111202327830652,0,85.62215531038136
2024-01-02 10:00:00,33.4729193718332,50.22509921849836,52.60751135051872,352.6339810463184,86.93261057523728,6.05769498475223,0,85.9562178454418
2024-01-02 10:15:00,33.97056184756563,47.392349733370665,57.38661062220806,350.73349173515464,91.74655318739553,6.476554353580338,0,86.57107701704503
2024-01-02 10:30:00,32.75380407545528,50.02787412991759,51.64014989497093,348.73412494594993,86.1302845746518,6.9276052142542675,0,87.05711745738094
2024-01-02 10:45:00,33.30898887849531,46.5552320067229,55.004886178660826,347.53025492918175,86.59901162444865,6.289967138428063,0,87.38350950290338
2024-01-02 11:00:00,35.67730845243098,38.1149699050149,52.00057287757157,346.550351373914,100.0,6.198282966278054,0,88.13342931785691
2024-01-02 11:15:00,33.74990803442016,42.23815579775334,54.430350920838094,345.37202914442946,89.86206884086248,6.755212341386312,0,88.73448182847055
2024-01-02 11:30:00,34.48785637730376,40.90288558383926,44.244967047248124,343.9798453270854,92.98635964030397,6.788705628105444,0,89.15653250323521
2024-01-02 11:45:00,33.52600317012744,44.3620667905739,51.30216137856669,343.1302691459889,80.56499162643902,6.524283254180236,0,89.56109227601473
2024-01-02 12:00:00,35.87807896340543,47.6876440991537,53.81423587986498,341.65971551184026,91.64868038450861,6.3744315825014,0,89.79599370525291
2024-01-02 12:15:00,35.49450809536843,46.588610413015644,49.0773227155868,339.8836956420829,100.0,6.099148392677,0,90.16981691172984
2024-01-02 12:30:00,35.14875518050422,48.003725964943214,48.80503869857545,337.89496699118126,100.0,6.8126639717134525,0,91.06392144464671
2024-01-02 12:45:00,33.86461798295708,44.66572127611586,51.67156842643436,336.5591918735409,100.0,6.490584209236154,0,91.50230127345381
2024-01-02 13:00:00,34.20771142575983,47.92302529945857,47.301510245719925,315.93875614338464,100.0,7.0794996108648105,0,91.7690304479154
2024-01-02 13:15:00,35.026957066419804,51.128917276638205,45.021483432232884,314.8860293288921,93.94815786579635,6.43347293085522,0,92.08324756221634
2024-01-02 13:30:00,35.963886519817734,41.777580145231035,45.892226257116,314.1064747313294,100.0,6.6822452269094805,0,93.04196405541371
2024-01-02 13:45:00,34.32755038789249,46.09231126853474,47.46531212825317,334.0623762286511,94.90606807968632,6.34346123194834,0,93.95384577913056
2024-01-02 14:00:00,34.32587504262969,43.463756409439384,48.46443464649876,332.1370378485941,72.92139113819808,6.46565253429444,0,94.7600620079315
2024-01-02 14:15:00,31.9527393566298,56.37183048964002,44.15512870903756,331.41878523432615,80.72373575641521,6.6950888619510405,0,95.7323784816299
2024-01-02 14:30:00,33.68561389648186,48.75664977639244,36.83343122431159,329.7366919479247,91.44785202176149,6.632307984796084,0,95.99822656711673
2024-01-02 14:45:00,33.830667547557375,49.77300641471746,48.54221057272842,328.1728513701742,86.29831277130548,6.086071741535809,0,96.84184928778113
2024-01-02 15:00:00,29.823324421464754,42.42083286821424,47.32784754787809,327.52633217028074,66.38885992434591,5.859923014774617,0,97.48478922103175
2024-01-02 15:15:00,29.25802749237472,49.739812010673326,51.36714990276186,311.27122357229365,59.355556820826266,6.778913246485767,0,98.14553285192584
2024-01-02 15:30:00,30.628369120850508,49.57301143772155,40.0602523853532,310.76575845084045,77.26996352596643,6.088219401179689,0,98.55898673205145
2024-01-02 15:45:00,32.024965156339256,46.751187839438295,44.001327300786116,309.3555735278881,80.46716689321853,6.7661424796444,0,99.42072180592463
2024-01-02 16:00:00,29.184081011947796,49.94755537900688,53.34689557186205,307.61822593066904,60.25792843317812,6.620096889336461,0,100.0
2024-01-02 16:15:00,29.660898465842923,53.40575107205843,39.78787722733689,305.88912494263394,44.38443605815974,6.371267952353208,0,100.0
2024-01-02 16:30:00,28.526935699774008,47.246412543405924,46.48911438004457,323.8351052996555,52.72725537656851,5.958311320328333,0,100.0
2024-01-02 16:45:00,30.182423904191193,56.65155452245149,47.032247734294046,322.7721180669264,46.528483085595155,6.560264432006397,0,100.0
2024-01-02 17:00:00,25.44125323479287,56.403288815808104,38.28716966619295,321.80452543899304,13.669517133155221,6.6687260369575885,0,99.79109763856894
2024-01-02 17:15:00,28.29588044231399,57.284527050664245,43.80321878980354,320.27601450030176,31.897948600742204,6.500434851326114,0,99.63089566766844
2024-01-02 17:30:00,26.055147159971344,57.07389495314437,51.429151147549845,318.82396402235946,27.71460223042758,6.652166990663731,0,99.48791562109207
2024-01-02 17:45:00,28.44309695966038,58.2913847359152,52.51080979602034,318.04845918713943,16.275266889369277,6.344047112250886,0,99.07090349561976
2024-01-02 18:00:00,25.913688765546553,55.7177002780159,42.991697902568205,317.1794609834372,0.38515700037443407,6.616668014126952,0,98.82763598392764
2024-01-02 18:15:00,24.74696236674492,62.365423990610665,51.10584471784837,316.5492502027992,0.0,6.523877622477254,0,98.71777838627709
2024-01-02 18:30:00,25.73134541842992,60.860707980092855,44.79665684544157,315.5527565787927,0.0,6.613928632450866,0,98.51665202669652
2024-01-02 18:45:00,25.749174339038117,71.80846319414356,39.885324350818735,314.90477465699826,0.0,6.784753564125385,0,98.12107284432676
2024-01-02 19:00:00,20.358682799251067,59.95282645489705,50.22913208336967,313.58148752671093,5.145022229357496,6.286695407025138,0,97.83354650385493
2024-01-02 19:15:00,21.91353482105097,69.59351759650889,41.714574917431804,311.80326126637823,7.460228506278486,6.665547072549682,0,97.36860019761501
2024-01-02 19:30:00,25.453825691417585,64.85353922587221,43.474554117501896,310.5804585295765,8.64059983495742,6.842295173824136,0,97.22487301104134
2024-01-02 19:45:00,20.61340507387224,67.4174342033909,43.19530883491637,309.8336164060498,5.98615521588862,5.937616457768627,0,96.88653805465236
2024-01-02 20:00:00,19.80215157359657,77.20187777457055,42.20503906474373,348.45477506299494,6.763578228965215,6.517948303809833,0,96.66608646592313
2024-01-02 20:15:00,20.314541722223684,67.33550250482129,48.69699203370098,347.71749746729733,7.519184552315407,6.628567890703819,0,96.22362619016121
2024-01-02 20:30:00,17.062899665684796,62.580566098564475,44.30042471985631,345.83852722064813,1.8744337630813424,6.340363404513038,0,95.98611768081578
2024-01-02 20:45:00,20.401921583951705,69.54232916952266,42.52320595268615,344.2292154007227,5.303725696109023,6.221920574372731,0,95.84613493273157
2024-01-02 21:00:00,16.292046401990685,77.65628880372726,41.63342996173099,334.55889563660116,5.120750410104435,6.2067980756033485,0,95.4726185641519
2024-01-02 21:15:00,18.41428564316972,70.54311406308486,53.617127883085566,333.18424113603555,8.891630874644887,6.772977543668762,0,95.22223897973346
2024-01-02 21:30:00,16.39177427395402,75.66181838079687,41.73511737548591,338.99779399836643,7.204715569274567,6.794574979188053,0,94.84811045271108
2024-01-02 21:45:00,18.857706952373455,73.54795927717853,50.42629082123848,338.4013023294902,2.99504511991303,6.457507895227374,0,94.42861656381052
2024-01-02 22:00:00,17.853071559832642,76.62461649458001,52.83670527511293,337.40223379556335,7.248417349424177,6.039674838109636,0,94.16721959299484
2024-01-02 22:15:00,16.873974575867805,69.20212013894148,50.30467954825297,335.6895814512982,3.484953796377618,6.336287486068932,0,93.84656452514888
2024-01-02 22:30:00,15.027043524608755,74.34826614654325,40.82470875238343,334.73032807413097,5.8076576524552,6.8598319086333,0,93.50643492574831
2024-01-02 22:45:00,15.0,73.2229441579017,51.52394837741495,333.40936548469125,2.3638601252518754,6.447411904547721,0,93.00900693143247
2024-01-02 23:00:00,16.214942045111165,73.20042733165721,47.100746858535736,332.0620262909462,6.411041700716388,6.45398621286126,0,92.67640650874303
2024-01-02 23:15:00,15.261958056562365,67.56450977054266,50.86135880523432,362.13750336900125,2.169777277960031,6.695060027179366,0,92.4388303220978
2024-01-02 23:30:00,17.150639829765257,79.47138021614876,49.27310044394114,360.85391018295627,8.607901342388477,6.4180108155509625,0,92.04122166744938
2024-01-02 23:45:00,15.0,72.15170022183362,45.11791066240359,359.8277839895039,7.433946116742779,6.051905669919973,0,91.5863399254913
2024-01-03 00:00:00,16.19582543488804,81.11853729842545,50.19352640801374,358.710042077044,6.538250887683686,7.499156798314228,0,91.1809270970641
2024-01-03 00:15:00,15.0,67.73666124509006,50.49862222709725,356.91756154904965,9.336110030634682,6.38969705721437,0,91.07922644451521
2024-01-03 00:30:00,15.0,73.19412560733244,56.1370415400472,355.24199109804175,5.544987981137975,6.377024548369526,0,90.89661481629328
2024-01-03 00:45:00,15.911253803052222,74.60035373808381,51.71204994132437,354.5878933733356,2.333283679677063,6.186064187736381,0,90.61009383741403
2024-01-03 01:00:00,15.0,66.92648898045438,51.20067720507421,353.58799882383477,5.00101415355208,6.088909054114474,0,90.46214002411807
2024-01-03 01:15:00,15.059331667773113,73.92798459135429,52.18086316828018,307.35000515201637,8.885636054613661,7.034346815054062,0,90.18049928943407
2024-01-03 01:30:00,16.646503757474818,87.06062646033928,49.159767606013794,305.72731966952574,7.989833940227564,6.736182827918359,0,89.86696004833325
2024-01-03 01:45:00,15.0,71.40398344542058,50.178143528463956,304.1277063596416,8.816776242184448,6.1470174752712055,0,89.37598508093814
2024-01-03 02:00:00,15.466485289515724,75.80664860681094,45.071718337127415,302.5526622611762,7.729844799518527,6.660887234455796,0,89.03263174091678
2024-01-03 02:15:00,15.90568161982891,73.83596583882293,51.16147949079768,301.9923066960772,4.7847825896398835,6.520355556837055,0,88.91828567306203
2024-01-03 02:30:00,15.781138954730253,72.85054858159921,54.401410510606695,300.9113121848562,9.907817334448218,6.728557051123952,0,88.76266221731842
2024-01-03 02:45:00,16.865152691905134,74.10354928491013,49.33176980126449,300.16398222212416,3.746628380007512,6.707742127981304,0,88.4622674838872
2024-01-03 03:00:00,18.28259700015178,74.03700764479609,51.445278117106206,325.3434405451389,8.652482142134264,6.343959520963977,0,88.2856620449701
2024-01-03 03:15:00,16.488556996571493,70.2791464288668,52.21448322674937,324.12923837727,7.917237148647569,6.267000674418088,0,88.0126875893352
2024-01-03 03:30:00,20.31932917199555,71.19591256572852,51.30186528109406,323.3134168524245,8.598460995652875,6.732292694004673,0,87.89116876062971
2024-01-03 03:45:00,17.7896509000402,69.8391423164208,46.11560497861292,322.2354995803563,1.1290332574795525,6.525479122676408,0,87.71675346055949
2024-01-03 04:00:00,21.729952390328872,72.15974438543009,48.608951480577765,320.2661140742068,8.601775608755272,6.642526903571394,0,87.4152231145672
2024-01-03 04:15:00,20.654950493779484,65.72369184627892,54.24676046562423,319.03535685053697,7.571073267988578,6.46483757050618,0,86.96676183927976
2024-01-03 04:30:00,20.12849063298116,65.8926633765172,54.381439139984934,317.0685307417935,9.970318592095166,6.509516388888549,0,86.57334491775975
2024-01-03 04:45:00,21.18653607306764,67.45445391442544,61.6334025398547,316.11951102892846,0.6559633845958446,6.152572635711054,0,86.09755041889275
2024-01-03 05:00:00,21.90465206060154,62.33480576225472,57.23805463313809,315.0837651762719,0.3703799994588475,6.53432500336786,0,85.70958249602005
2024-01-03 05:15:00,22.372736885946175,62.75304252564903,58.05143095032062,314.5511368680483,7.947447144382444,6.966986395743435,0,85.22801006233527
2024-01-03 05:30:00,23.930458655677842,60.57962249902569,58.74185873637634,313.36757208411615,1.4934114214424754,6.563193325413639,0,85.0513909678226
2024-01-03 05:45:00,20.549533737690666,67.30070833033396,58.85000778997434,315.4392604973566,3.0542614203584186,6.5829069200606485,0,84.72256634235792
2024-01-03 06:00:00,24.53435153041679,55.66575544499054,59.49238718682394,357.49374295715614,12.726178596099174,6.657821296876297,0,84.5351745025634
2024-01-03 06:15:00,28.551043195822867,60.3330100713557,54.920296136649675,356.6856491242559,2.2768463426550953,6.532658236933067,0,84.18352989610081
2024-01-03 06:30:00,25.748898217746294,61.172578863943514,50.23050126746982,312.0711743613673,2.8932459001174937,6.312389295689641,0,83.94236246582157
2024-01-03 06:45:00,24.292404883759527,54.800680570882996,48.831003004617436,306.3863761095886,7.179334928303512,7.045605034606352,0,83.67742472285573
2024-01-03 07:00:00,27.50485637460599,67.77991475977224,57.854945940964086,305.61118544320306,17.23405782400309,6.447626477997751,0,83.32031212874668
2024-01-03 07:15:00,29.217179952764212,51.67647359364411,50.223909008188656,303.77742956553584,16.25794960818883,6.129584642597482,0,82.87686547804427
2024-01-03 07:30:00,26.304611327124153,57.18890929711984,58.488676357006824,302.4620185636581,29.603856892502968,6.66849697952029,0,82.74794312690591
2024-01-03 07:45:00,27.955233756492365,50.87283285454125,53.30948758003118,336.7803392588311,24.354286944233515,6.638537066782126,0,82.48462097291734
2024-01-03 08:00:00,28.98291597775935,45.02687080376278,55.201164161934514,335.0863113348827,46.074581646391415,6.118631378883097,0,83.06599032094825
2024-01-03 08:15:00,29.036638525327568,56.92136346204994,58.95659092291416,334.5383731659586,43.239296164803186,6.363597478023059,0,83.72671348139134
2024-01-03 08:30:00,30.220186461396896,57.53166569496264,61.48567478430886,332.5756094511813,46.14998442533047,6.709725113342662,0,83.97810439249832
2024-01-03 08:45:00,30.3824903373268,55.86767068501068,55.43967614351146,331.41961382172275,56.616406533498036,6.1845368680963935,0,84.71930255221746
2024-01-03 09:00:00,32.4653489942127,42.92055206096546,44.744507987774234,353.0546639867321,76.982398475081,6.5989341827640065,0,85.39562993246832
2024-01-03 09:15:00,30.13026220963638,46.28883011962482,54.02618952048019,352.2696274017847,70.6902707758771,6.335472067103458,0,86.22492849513097
2024-01-03 09:30:00,32.458714750502985,49.83412754948326,53.91964292634513,302.3093265215184,70.2196573865342,6.319363234530868,0,87.18838951717687
2024-01-03 09:45:00,29.48974161846815,46.639869436183254,57.49963609329798,300.81740102383105,64.0390020101635,6.616437489714855,0,87.99352553612182
2024-01-03 10:00:00,34.1851742203562,48.246640118791944,48.50368916103842,300.230537380999,84.51858531612193,6.581212509104874,0,88.46084679973504
2024-01-03 10:15:00,33.830399190706515,43.590950672034985,52.47118435602495,299.66124531561695,98.24588161362733,6.164717247553919,0,89.45526326449885
2024-01-03 10:30:00,34.695566965303136,49.1695362302158,52.45884300573406,298.0145111905509,100.0,6.904341619296537,0,89.76154084879478
2024-01-03 10:45:00,33.32548285580936,53.20410711830721,55.40186123334968,297.2282262538512,92.17102704575254,6.476867093021562,0,90.36506662983723
2024-01-03 11:00:00,35.80089094735953,51.563003342360744,49.46112167482498,307.46796296829825,100.0,6.920914667593739,0,91.05759860994891
2024-01-03 11:15:00,37.59642056758917,49.01515732984504,53.59206203678427,306.4835775073775,93.01083147932165,6.57748450030654,0,91.28150742245423
2024-01-03 11:30:00,32.23555533115437,48.65668659472392,49.27291920547816,305.56750185030876,98.3959915294509,6.639579093181895,0,92.08547778122296
2024-01-03 11:45:00,34.63858594417254,36.03024548022581,60.87867848212005,351.3333865411152,100.0,6.6351959076991704,0,92.77297844625986
2024-01-03 12:00:00,34.501194171950885,41.37129484782921,50.957843309221325,350.0436713096496,81.98188513566097,6.43716864931917,0,93.55828526511418
2024-01-03 12:15:00,37.772952194017705,31.340197180019388,53.347257894539204,349.3218878945392,100.0,6.878432403097372,0,94.52625586541356
2024-01-03 12:30:00,35.536092906528914,45.19641408212732,51.908928908375636,347.9327847378718,100.0,7.124749540961125,0,95.39840807607708
2024-01-03 12:45:00,33.80007682715729,45.48466910108371,45.55282226247119,346.94819071678006,100.0,6.652943319563847,0,95.84215323793707
2024-01-03 13:00:00,33.8963345854457,33.75646103545238,43.12502141825409,346.18455105947487,100.0,6.691958103215137,0,96.81093254134876
2024-01-03 13:15:00,33.83705736031097,45.92886100368054,48.06437905202627,345.220918838181,96.27988711131243,7.288801344406887,0,97.255138598813
2024-01-03 13:30:00,36.066337361860754,43.724558208526325,49.31123100668259,344.6033129109711,89.01401722466802,6.039667008601745,0,98.02834769954454
2024-01-03 13:45:00,37.80973564553813,42.19780921369917,52.17992384530229,343.091382470559,90.02814075859571,6.279631335583465,0,98.79103047873107
2024-01-03 14:00:00,32.702102719085275,40.80373354793063,40.60568816804727,372.81544682309675,80.1692010638575,6.716130418608311,0,99.47290828952957
2024-01-03 14:15:00,34.698410815707156,47.85065537375844,47.77296813660805,371.04857404190983,71.29675694065757,6.123680903922015,0,100.0
2024-01-03 14:30:00,33.36100415947041,45.785035857797304,51.749039667421805,369.23208824109435,89.72137638133327,6.525501195387893,0,100.0
2024-01-03 14:45:00,33.33692482967813,48.73885646061261,46.85382117150633,368.62759474251027,87.6470017968007,6.815742543498905,0,100.0
2024-01-03 15:00:00,30.031094045399797,49.02185396738397,44.187579615778674,367.24063824366493,71.70012500287592,6.819137044959604,0,100.0
2024-01-03 15:15:00,31.477703209287785,55.18369812064058,44.148205301211185,365.4178325958235,68.02935872837996,6.655115228144932,0,100.0
2024-01-03 15:30:00,31.935412478049006,54.0057482013291,50.408592079338405,363.95326421371965,78.23036028138769,6.351690544344321,0,100.0
2024-01-03 15:45:00,31.049653601860438,56.39611115871431,44.03648986234311,377.8597837690042,70.78418863970008,6.595995144001999,0,100.0
2024-01-03 16:00:00,31.654229496320777,49.95355346377349,36.20355443425258,376.6530147607676,52.38643250846887,6.626778792689658,0,100.0
2024-01-03 16:15:00,29.924277047956284,51.475906590292006,50.976361534703166,374.98941125736906,62.84390254879163,6.861433245751925,0,100.0
2024-01-03 16:30:00,30.067571723375757,49.3024878576849,50.92071358899453,374.0252624842649,44.19765493490275,7.066520162680286,0,100.0
2024-01-03 16:45:00,30.659728942849814,53.296294084533365,51.13026184771127,373.1660851236377,56.156384083610085,6.396458546009976,0,100.0
2024-01-03 17:00:00,26.864000426414975,54.674611830527866,50.87138442899929,371.25043250806266,30.437664392792904,6.02485564266263,0,99.8424359006081
2024-01-03 17:15:00,27.823557425822248,58.96091955379512,50.87685680801079,370.1725681856786,27.391425491916905,6.400387513243341,0,99.43406996160883
2024-01-03 17:30:00,26.661773750797714,49.386360045721595,45.90236665403599,334.00622520814557,24.469079015592364,6.189834897287894,0,99.09804836707319
2024-01-03 17:45:00,29.103976519510482,59.91041428820902,52.888399074212444,332.3472948736957,21.533781897511943,5.67151279190275,0,98.76949929888103
2024-01-03 18:00:00,25.90750513296054,55.81632407470345,46.46941381514016,313.7178076487167,0.0,6.425508122678164,0,98.49514321828737
2024-01-03 18:15:00,23.799434284252932,61.21876272138364,41.12837825111939,311.791709489911,1.7924586854007811,6.221303447371893,0,98.01116534596555
2024-01-03 18:30:00,20.771914439348205,64.97365101800975,41.56139124422465,310.03293740443894,7.728073094974534,6.45885207784649,0,97.86591834312695
2024-01-03 18:45:00,25.529151482891447,62.9336372119204,37.51011235056504,308.30068042057866,7.40421513246903,7.058106261182839,0,97.60380799935025
2024-01-03 19:00:00,21.17951040557192,69.95019539687995,47.60754010747418,306.26191010133124,2.7566044768805096,6.235355318565611,0,97.16707866210284
2024-01-03 19:15:00,20.778618205462493,62.74059071360358,53.477553475839116,304.9848183165965,2.2060028364420283,6.307544373937095,0,97.03186192019024
2024-01-03 19:30:00,24.484253410667296,55.42023837347951,37.66954365065946,303.5980725899083,9.550310067903734,7.151800808659727,0,96.91494689790343
2024-01-03 19:45:00,23.320096155550626,68.12079863591691,43.06394795349915,302.3202137487068,4.238789790956966,6.535152807611871,0,96.72574417769266
2024-01-03 20:00:00,18.73909198213016,68.53615827262865,47.56805437662292,301.17466976370923,4.640689792303916,6.287138943453176,0,96.36263565822496
2024-01-03 20:15:00,20.159811865755806,64.80626166242574,46.17399765512599,299.92498317030896,9.297698415594926,7.093422783546576,0,95.96316844292718
2024-01-03 20:30:00,21.470509218677943,59.38015845461991,43.91514704985444,299.32475915888654,0.1911227334080845,6.588423498329889,0,95.58676596031333
2024-01-03 20:45:00,21.849462305768807,66.36425908058847,40.91449658661464,298.39513904748,9.487495956672223,6.627366879453675,0,95.0937725674091
2024-01-03 21:00:00,15.0,82.05775278204139,54.13258432965728,297.0245387763724,9.707126432616796,6.575827593442581,0,94.93146044335154
2024-01-03 21:15:00,18.338058192961718,77.80940501154569,44.87511459617441,295.4635239460437,3.904669650654643,6.3668550957504975,0,94.50175582402171
2024-01-03 21:30:00,18.08010959385514,76.8661270527205,44.14740138929454,294.3324097610209,2.765066247120529,6.921063847136036,0,94.0161749731683
2024-01-03 21:45:00,17.49719627347605,68.70285614312407,51.22313670340501,293.3838262582532,1.0933280767766806,6.549047941043543,0,93.52699833336295
2024-01-03 22:00:00,15.195918325485646,73.91561884965148,45.96001663965986,292.0341044757049,2.525478398614247,5.988173662616223,0,93.18721904205943
2024-01-03 22:15:00,17.278909816114094,64.84835491671446,47.804642466930204,291.25688276614756,3.4442114119079923,6.6260416773660324,0,92.94859035989589
2024-01-03 22:30:00,15.0,81.06597483109081,42.41797798386912,290.52061490838224,2.305741488968638,6.297576889000734,0,92.69563178645156
2024-01-03 22:45:00,17.263596264193456,84.85246458343497,46.67778053199728,289.64330336727886,2.5796198999020836,7.2942073762810695,0,92.50527420149608
2024-01-03 23:00:00,15.0,71.94473665353436,46.666942977943215,289.1290275505065,0.5049465883124882,6.729335029738757,0,92.33314205006607
2024-01-03 23:15:00,15.372967455097148,87.23213529138359,53.43192401980971,287.362623290831,0.12086261577574864,6.158424514140441,0,92.00747096295494
2024-01-03 23:30:00,15.0,64.94700978799338,45.34764295961291,286.1793912477615,9.423615105064695,6.895104303568781,0,91.55000082360807
2024-01-03 23:45:00,15.755651787811889,77.10558911414748,48.97293192125281,376.5226234481531,0.1740213814055036,6.580020959699856,0,91.30207510299878
2024-01-04 00:00:00,15.706108364981276,73.38155472057859,51.56444033530804,375.02840774395844,8.895629164612,6.597535762036786,0,90.92707109231452
2024-01-04 00:15:00,15.0,76.01475636669305,53.32530937779202,377.6378612678148,3.248151182901334,6.7257450158572,0,90.77404754666323
2024-01-04 00:30:00,15.0,64.63638226498695,51.72293426530449,376.3004610778877,6.431210572526956,5.687841513956019,0,90.49392527140267
2024-01-04 00:45:00,15.0,83.38727017968944,47.912193488992955,375.3285581175838,0.3508700832870515,6.439885793248527,0,90.07877508405431
2024-01-04 01:00:00,15.08428486533123,74.55025877311729,54.57488171134125,374.595128847653,4.519769352017963,6.287442475596182,0,89.94916506535286
2024-01-04 01:15:00,15.0,79.66480711770704,50.17423548215155,374.0640219275948,1.0384884570345077,6.065076108363935,0,89.79813638625706
2024-01-04 01:30:00,16.688466485638948,78.2430673081833,55.058726217265296,373.3922589471193,2.1893002227755707,6.716712842819201,0,89.64533379355521
2024-01-04 01:45:00,15.83073506617633,76.19065143643927,51.16498977081795,372.4217899636482,8.40674280335507,6.510773939432329,0,89.2777790702504
2024-01-04 02:00:00,15.450772271201089,68.25516107263249,52.407914171149315,371.0182978299108,3.182902490013504,7.295812964328193,0,88.87025629384938
2024-01-04 02:15:00,15.843431588748476,79.48093283228268,54.81129203906305,375.5006117504732,9.315432216057674,6.421085999849405,0,88.39616193283224
2024-01-04 02:30:00,15.555983810483358,83.64721194052515,55.03186512160907,339.19361766445405,0.2975832234740894,6.708279208000353,0,88.16857657550821
2024-01-04 02:45:00,16.397561566179995,76.79422192758035,50.65422063700431,341.0824517582852,4.77823157708135,6.160301626608854,0,87.74449442828853
2024-01-04 03:00:00,18.06069655271269,72.77093499488089,51.1519638388662,339.3048008391587,6.584880389072479,6.120085789477278,0,87.5822804467223
2024-01-04 03:15:00,16.93688033293401,66.15206436070494,48.15797040533486,342.9851085152949,6.974930332096036,6.643977783265852,0,87.42028919714693
2024-01-04 03:30:00,17.34742486699813,74.54346348053282,54.566813394504806,342.3655438187871,8.067190060902137,6.535490065031129,0,87.1327035093599
2024-01-04 03:45:00,18.07030073889493,73.01342214628664,51.84934669731989,341.78976916899404,2.604047571293969,6.506900629055123,0,86.96145603198308
2024-01-04 04:00:00,21.275783373073097,66.6068358533676,51.52777234713002,340.0543203269867,3.612039819426612,6.4531088478121745,0,86.79890678482309
2024-01-04 04:15:00,20.07242020965632,67.8077681036677,50.67281067577652,338.10605447374076,8.107306769941356,6.14941583867379,0,86.60317368183247
2024-01-04 04:30:00,18.375574288558663,76.09465650170924,51.17011021483626,337.5161695222323,4.248360334367325,6.957063369214697,0,86.24572186311208
2024-01-04 04:45:00,20.891635721419284,65.34327115329934,54.11477617138027,336.48751981314416,8.297597843408756,6.269723698634739,0,86.1429817515019
2024-01-04 05:00:00,20.484663993299865,70.92282787720912,56.721263893183625,335.88690307500156,4.361727233008507,6.901808564675306,0,85.73303272264172
2024-01-04 05:15:00,20.248072132712316,57.47911622266552,52.33933047413618,335.3609494042787,8.832034286502134,6.913024923682842,0,85.49980014297819
2024-01-04 05:30:00,19.352940541271437,65.11794559255628,57.91394032656403,334.34980478887724,3.499284031149873,6.252495813443668,0,85.19277712757878
2024-01-04 05:45:00,22.92323653135584,64.52898683739014,53.11535419223946,332.7119078150005,3.79001467912223,6.6542580504378135,0,84.76934782966802
2024-01-04 06:00:00,25.494514001962457,63.76483391743919,58.03671918733308,331.75553897633506,3.1461051471449344,5.977661595614172,0,84.39909973219059
2024-01-04 06:15:00,25.046760485540677,62.03759535924508,57.450280377050085,330.8495982265771,0.0,6.346139099917323,0,83.96548459284791
2024-01-04 06:30:00,27.717129480522022,62.20617822003963,59.637341501991415,328.95950509836916,15.092024761963806,6.535221478547357,0,83.56243898487314
2024-01-04 06:45:00,26.559604920947645,66.91270227000648,51.62558855028622,327.7914707165763,0.0,6.186104020223788,0,83.3174776417119
2024-01-04 07:00:00,25.35200891623695,49.595559729641224,54.58474690620619,326.29616761452934,22.470126888169318,6.717473100406842,0,82.92046422516296
2024-01-04 07:15:00,28.54926708915783,62.135367540108035,51.39412412679216,325.0968882376874,22.38884178023879,6.557810062740137,0,82.61029574781466
2024-01-04 07:30:00,32.54116971391884,58.48077629192356,56.324780804286476,324.38112547073985,31.53911135573523,6.6335285560846415,0,82.1413456214702
2024-01-04 07:45:00,27.78124285550944,60.09166802999106,58.46062661797698,323.0055529521656,21.936274202223107,6.819756137206283,0,81.74918240882745
2024-01-04 08:00:00,29.36594608268024,53.66460076956887,52.87151628754885,321.05252585277077,69.1217334283382,6.4299671470394015,0,82.05718029504122
2024-01-04 08:15:00,29.65810188695112,47.813786400996825,54.90517953038592,320.3441730933671,59.6133622992126,6.727523461829392,0,82.72674558300918
2024-01-04 08:30:00,31.205495001045414,55.00429059224961,55.82392705712693,318.7362229339028,38.223736111685156,6.279737058612658,0,83.20562126936802
2024-01-04 08:45:00,28.38563970007229,51.58170857700844,57.94580459150198,317.1192335526811,49.841549288935994,6.602653553952899,0,83.98998373310951
2024-01-04 09:00:00,32.84060249886415,49.760180841879425,48.08691446939974,308.804907040421,73.37855692731658,6.440426557115221,0,84.8676407054173
2024-01-04 09:15:00,38.49100678493629,51.94053200620385,52.79802676412966,308.04111383007904,65.00175422364886,6.566822107488602,0,85.79818235322803
2024-01-04 09:30:00,31.439558744615223,50.52842089840199,57.04554050596876,307.432891801117,58.21306466593576,5.839592619419726,0,86.379398170396
2024-01-04 09:45:00,31.728708646466796,51.13523830108229,46.02117045718165,305.8378329591438,62.461084619784245,6.83132032331938,0,87.36620974655048
2024-01-04 10:00:00,36.25930833264678,49.7555817316529,50.446476195741205,304.9441230871319,86.64539719829523,7.064694791075829,0,88.22215945898417
2024-01-04 10:15:00,33.16221818160659,50.02210480491802,56.477727678262845,303.30405472744746,77.61052990086752,6.321805682720207,0,88.6830615452471
2024-01-04 10:30:00,34.09012510285192,51.97326827390508,46.25360506667738,301.9729873025961,92.29618415490648,6.33340966675633,0,89.51571866166208
2024-01-04 10:45:00,34.60130150943508,48.001551851721636,52.32386480281719,300.0224648517361,76.77982973504217,6.843799298910278,0,90.49934347799869
2024-01-04 11:00:00,36.22661483488213,50.263049929921216,49.58841745123267,298.1919868609061,92.55810528450675,6.500735191205638,0,90.80166642112134
2024-01-04 11:15:00,34.51592681231403,45.840054838127564,55.64158631967854,297.6163511517626,82.58213140472569,6.508605440023597,0,91.71717300275337
2024-01-04 11:30:00,34.57422783270534,52.87793799082922,51.59479815109422,296.07799535750127,100.0,6.719603353982548,0,91.96607776883128
2024-01-04 11:45:00,35.646675214386576,53.351376332151446,53.91666118660701,294.2547879435507,92.85045441993691,6.755813935176938,0,92.63474954624226
2024-01-04 12:00:00,32.20342171866792,49.53890161022799,48.42335528784471,292.57573534837894,100.0,6.786183291709731,0,93.22609755688195
2024-01-04 12:15:00,35.41565984400757,49.12178122407618,49.30730377490638,290.59738085242947,93.8692927026039,6.635413724782457,0,93.48074209934879
2024-01-04 12:30:00,36.015341148488304,48.76719635482853,49.57964229835645,289.8831446043989,95.1122548965104,5.903199711607558,0,93.80618313865233
2024-01-04 12:45:00,34.39179533635658,48.89399506505566,50.464777896477464,288.1574801573302,100.0,5.803078561064764,0,94.69968634478485
2024-01-04 13:00:00,31.967021131312897,45.05196384821158,47.70734023587265,287.60606528060254,87.08548792110786,6.4973293281011095,0,95.39839001705099
2024-01-04 13:15:00,35.505534424352454,43.2179362379383,47.88075092395017,286.66079196792305,87.00312381105857,6.495610567065522,0,95.78326868742178
2024-01-04 13:30:00,32.52371299977316,53.586125285053214,47.8493971401976,285.0016974273521,81.92037190737663,5.954366209737999,0,96.17892299733938
2024-01-04 13:45:00,35.74289022492908,44.89181337562817,48.55010041021613,284.24198707863883,100.0,6.573260583653037,0,96.84237720478849
2024-01-04 14:00:00,33.64729257681698,49.64377676616245,42.56211241109435,283.43328178498246,89.99100078699799,6.162829236726165,0,97.27509418959951
2024-01-04 14:15:00,33.6157447649825,44.35224395093099,50.61899540582662,281.56996879942767,88.00606918733084,6.272963056264938,0,97.66876611602225
2024-01-04 14:30:00,31.342958857418477,41.20109499723969,42.51008778242053,280.2857358993687,85.31290726851921,5.850541052823912,0,98.19259982373448
2024-01-04 14:45:00,33.43419552963236,48.99919960128232,46.344766315277234,279.6524779411134,86.34465632040173,7.051085970961318,0,99.03734987542609
2024-01-04 15:00:00,34.39731333289071,53.357247771543314,44.95227784373281,315.1413942547475,79.93795433391044,6.752423036263204,0,99.49256285367753
2024-01-04 15:15:00,33.84827466603224,57.156734465668286,40.597059804088424,314.6179837417615,69.72885632576964,5.9072633068646905,0,100.0
2024-01-04 15:30:00,32.865085064797036,55.52184461032097,43.893869359948624,313.31712209866953,69.49644311815806,6.085236701568162,0,100.0
2024-01-04 15:45:00,29.678031710749927,54.00921098340181,45.36871867850754,312.06521256343217,68.1943437893539,6.404143926110609,0,100.0
2024-01-04 16:00:00,31.73857001209366,53.594798047483366,38.40372042089814,311.0000450955216,50.80931441392511,7.148540157634434,0,100.0
2024-01-04 16:15:00,30.648037688155693,47.75197956752082,44.54379879329443,309.1054376628412,58.46875144491326,6.3071070681325585,0,100.0
2024-01-04 16:30:00,30.253951272542107,68.16554348132658,50.889209771068494,340.42877297471415,49.1042914575877,6.538535132932894,0,100.0
2024-01-04 16:45:00,32.55445082629387,51.37662129636284,41.52894433564312,339.07493738563625,44.568319333576696,6.482772346851207,0,100.0
2024-01-04 17:00:00,28.929413171828802,51.83666508097005,48.46906464081861,324.51511635722255,22.626944927965102,6.27366660660169,0,99.50271442980014
2024-01-04 17:15:00,26.89854787507503,55.14685648371568,44.782557304923046,324.0068557749867,34.14689857178394,6.748361521704034,0,99.20181083207981
2024-01-04 17:30:00,27.940303593740047,54.925441877581086,43.47079438744413,361.2692542879702,20.953212358791465,6.560807521930594,0,99.04936377040985
2024-01-04 17:45:00,27.84864928344441,48.556368980138956,53.81614793715365,359.3426328336029,32.513269198725865,5.9767007813039505,0,98.8360848907286
2024-01-04 18:00:00,26.736175687542975,58.732213533021365,54.10668928016122,358.7839164120901,0.0,6.54143348318192,0,98.48096445383094
2024-01-04 18:15:00,24.775511922732544,63.60440759753387,49.9876709602456,357.57315680832585,1.118409804155243,6.377836565724656,0,98.02667735617645
2024-01-04 18:30:00,22.992851391278,53.77811233664824,46.73370398078932,356.86709892446424,0.0,6.560793408047304,0,97.82133753381702
2024-01-04 18:45:00,22.71662338470839,48.97442789985242,46.39484331816334,351.8931928892354,0.0,6.755668810689371,0,97.59566814854007
2024-01-04 19:00:00,23.062125962442,55.84814642062243,54.175762517060775,350.42482870722563,1.052011844734001,6.891539721103725,0,97.22037281180823
2024-01-04 19:15:00,25.36822378858544,65.80653493125777,38.97981526212757,349.00322877847003,0.2280701377092209,7.4334346165225424,0,96.83697698235251
2024-01-04 19:30:00,21.528425118384796,61.92512536819164,43.30389863208937,348.4673136181122,4.129192933215249,6.232641296604284,0,96.34930567571904
2024-01-04 19:45:00,21.657357957614817,68.20151920831182,41.73426399538828,347.2859309572457,3.240441254198344,6.255744221646722,0,96.11055662755926
2024-01-04 20:00:00,18.88205048336111,66.49237682683417,46.497434432383976,346.2602352922643,7.160064865929017,6.19189112655343,0,95.93937053557292
2024-01-04 20:15:00,20.107412707139385,56.713102580548025,47.568714680398216,345.4842911019531,3.395838664435434,6.0894211806682925,0,95.69947710818309
2024-01-04 20:30:00,21.10894931706172,68.98532652306424,39.05814563780962,343.6600323770002,1.3143116531425558,6.223788349854948,0,95.44324330982778
2024-01-04 20:45:00,17.42436708845164,67.63619996395275,48.13199655691431,342.98360261028535,3.0405228279428878,6.4779619949308405,0,95.20817353324679
2024-01-04 21:00:00,17.335849487749815,71.04004293495943,50.06751077296987,342.2838796875497,4.3645326836431195,6.189944509338333,0,95.08274459136976
2024-01-04 21:15:00,18.09987734635825,65.19087034063921,46.728422720706135,341.37910625932676,3.111983521289573,6.603730013187215,0,94.77702894849058
2024-01-04 21:30:00,18.254480090583606,64.30586891967361,48.49487350920087,339.8330054526826,0.452358437851188,6.884418743917075,0,94.4160632539185
2024-01-04 21:45:00,15.0,73.35406368048791,46.93296026547484,337.9589680455414,3.9730204397646784,6.326624251855667,0,94.308843672604
2024-01-04 22:00:00,17.11122121755318,67.03854373463683,42.02124050057743,336.33765002071476,7.918729989050713,6.752262580328379,0,93.83841320740258
2024-01-04 22:15:00,18.715697502175395,74.42108880370485,46.067708972060096,334.781074658523,6.502413008996277,6.863828449015381,0,93.60796448233387
2024-01-04 22:30:00,15.0,75.3910509294341,42.85758865558169,332.8803890890925,2.6939818660821837,6.262286227391633,0,93.18497797931172
2024-01-04 22:45:00,16.782482194176588,76.81201806388705,45.52675285027742,332.1989925119154,8.563022393060125,6.754517086550537,0,92.97611759953743
2024-01-04 23:00:00,16.152231422917936,66.32132749326384,46.216580413952244,330.65248137887323,5.923273761189261,6.845705183345844,0,92.70727060082781
2024-01-04 23:15:00,16.208315859082774,75.90532755716336,48.323527186365844,329.04417066278927,0.8233671078207572,6.366365238834399,0,92.36796864854611
2024-01-04 23:30:00,16.526457374012345,69.01236170829134,45.956807829799686,328.25705702463904,0.10612207700445131,6.156564224292006,0,92.05252953235882
2024-01-04 23:45:00,15.0,73.27744013336496,54.118127202889525,327.64429627409794,7.449336238808484,6.102982128083715,0,91.72050078926642
2024-01-05 00:00:00,15.725851977723313,71.23089536900204,42.55146482601736,326.99280711972824,4.588148242573668,6.917715548248393,0,91.41513156604474
2024-01-05 00:15:00,15.51616758119702,68.74679592565847,50.698297641428404,325.7068371929934,6.29308244760101,6.293847836116071,0,90.98995425091312
2024-01-05 00:30:00,15.0,67.36835748512331,54.76430318798031,324.33587335337955,7.168534308255319,6.757620921903918,0,90.60299512585749
2024-01-05 00:45:00,16.2021608912922,73.8317324121681,57.91365588872456,323.73913624590176,5.807232126623923,6.363918626337324,0,90.27714017316984
2024-01-05 01:00:00,18.80120065172686,82.39920374163104,52.66254600641672,322.6050624814472,2.6911584006754774,6.324890213177217,0,89.9737265924678
2024-01-05 01:15:00,15.0,77.78015342964852,53.93422591728833,321.9459024806099,6.790227525547588,6.827411907116052,0,89.58211673541834
2024-01-05 01:30:00,17.24710856439727,77.80903274205721,56.59526313987359,321.1957601443075,8.609853726936688,6.756832808219921,0,89.20431489837848
2024-01-05 01:45:00,15.0,75.23729511030986,50.16457855574495,320.059519364961,7.224391683875617,6.953559082949142,0,89.08113639375401
2024-01-05 02:00:00,19.53040272778302,75.32554040048203,52.172575833141714,318.87472762006854,1.1661314697950442,6.398069230622219,0,88.89575155444041
2024-01-05 02:15:00,16.578779396725928,69.59472386762994,53.714786023388754,317.8520317006949,0.5303043689658404,6.526021511994574,0,88.70221166931134
2024-01-05 02:30:00,15.0,69.97657161950129,48.349767266227445,316.5263361022011,9.28880308540487,6.427870681039235,0,88.30285548864978
2024-01-05 02:45:00,15.834357448204642,68.81001263990228,53.608760610711386,314.97474306963846,6.615533968921828,6.651953273835917,0,87.8589703607264
2024-01-05 03:00:00,18.611774266194264,71.00079054917953,57.074053489317286,314.2327359156104,4.017638765798914,6.083280543560485,0,87.69714259568865
2024-01-05 03:15:00,18.94256262042262,68.27853533825079,58.37204637501551,313.6979128945839,5.512180744418912,6.813977876045435,0,87.4867021095335
2024-01-05 03:30:00,17.420774234364817,70.98471310387761,50.19837442542365,312.14229951110764,2.889673388879742,6.297906391394044,0,87.1546135157895
2024-01-05 03:45:00,17.09928121475326,70.72093157862886,48.116317972852116,306.5118760847919,9.894196570295113,6.473232683016832,0,86.85157677808687
2024-01-05 04:00:00,23.004257018533696,62.49916446977109,50.53923727327158,305.84443046164444,2.8959012517929783,6.261242012595241,0,86.67131136657551
2024-01-05 04:15:00,21.891670858436772,57.2495734728756,52.921684298723875,304.8812547456063,4.082863736992785,6.213693145216716,0,86.45976169397241
2024-01-05 04:30:00,19.436009195131156,62.9936069403976,52.479357429013554,303.89735380490436,1.798013613853564,6.750363985671446,0,86.26604111553655
2024-01-05 04:45:00,19.006223966503658,71.4443761662951,54.85140893572755,302.8130315838444,0.08300494869475705,6.496556206615536,0,85.99918352080272
2024-01-05 05:00:00,19.820323950479622,68.70506970310066,52.896130590418494,302.2258614867929,7.582586957705486,6.400431208195576,0,85.65024057802731
2024-01-05 05:15:00,20.285448235584475,62.41489010557457,62.43217325533781,300.44520214652,2.7704290561838563,6.123086534475186,0,85.32427618374949
2024-01-05 05:30:00,25.311694835152686,57.72662057103357,51.84444751973301,299.07479486935114,8.316433672644983,6.284963049901446,0,85.01491853383179
2024-01-05 05:45:00,22.35647297679221,60.49963271456953,53.68548819392805,298.2711075654778,2.9601559200046887,6.665577175749231,0,84.73265594400571
2024-01-05 06:00:00,24.550311646933057,55.308957900907714,62.26811608768894,297.45819436898637,7.563073021991179,6.514207847829486,0,84.5271022137901
2024-01-05 06:15:00,23.19092075303915,60.39901637319268,54.62754334918159,296.3851670370688,0.0,6.443346158335787,0,84.12414503732072
2024-01-05 06:30:00,23.96775029380264,61.427787713181814,56.86052514903031,358.0642594150512,0.0,6.692771116590962,0,83.71043514126897
2024-01-05 06:45:00,24.071502028032857,63.151100064855385,47.88897143028392,357.3458054407336,0.0,6.399793648455315,0,83.30825695656219
2024-01-05 07:00:00,28.590221614014645,63.93232040802164,55.47652056146087,355.9150312875739,42.08721214529429,6.479918301902973,0,83.03173870689653
2024-01-05 07:15:00,28.66712976163075,51.80307325411847,49.970419312729845,354.21276767606366,25.408965055420595,6.601384068040423,0,82.86889189360215
2024-01-05 07:30:00,26.59867239712833,55.20699983224096,51.453526767216,352.45246973481056,22.883945390576944,6.719316301461973,0,82.47650406605766
2024-01-05 07:45:00,26.397488687454608,64.83229481779888,57.85166423938997,351.2895823922823,26.984750478190602,5.995127292565458,0,82.31121836067499
2024-01-05 08:00:00,27.36303509757677,49.18575863898454,47.60789099771327,367.65145580179956,42.8718877469678,6.720947255966464,0,82.70810327905892
2024-01-05 08:15:00,30.28101019915432,46.6311905368776,54.45428708851079,365.95524071919465,48.752512396696346,6.378473775519568,0,83.60175518056934
2024-01-05 08:30:00,31.956480741256005,51.71966272477895,49.1595473442371,364.64496539418946,47.84339555122145,6.476334085438387,0,84.37282811494191
2024-01-05 08:45:00,26.67932388080572,60.8381230602929,50.29144535960174,363.5787592535441,51.80597235528834,6.332842337120735,0,84.58776647364233
2024-01-05 09:00:00,34.43630750336484,46.737233144845646,49.251479981372434,361.8068400372787,77.24896515403123,6.311479159237396,0,85.39683720895815
2024-01-05 09:15:00,31.483964377001364,45.62992199405713,48.98540308310021,360.5597165625115,76.12987823861053,6.491127431260773,0,85.75943565416573
2024-01-05 09:30:00,30.98563773812029,52.65176274559413,51.04826557562979,359.2004733842543,65.20451526581488,6.308272514670727,0,86.51868775716271
2024-01-05 09:45:00,32.73364362465847,53.95115619135777,48.392418040899884,301.73031508890926,59.02907766702997,6.480455197136705,0,87.01826604715684
2024-01-05 10:00:00,34.542551264056755,56.57702417633275,60.63450304918123,300.75067874293234,88.9001728243127,6.00162760309069,0,87.62119339642693
2024-01-05 10:15:00,35.94463533780704,53.41732506859596,46.32742981739612,299.26442549599125,93.2880447700816,6.147237698195985,0,88.43703330006785
2024-01-05 10:30:00,34.84569798408304,49.847794548279694,62.688656816508924,298.4970306918322,71.69538026948787,6.543421196139625,0,88.84850275069617
2024-01-05 10:45:00,31.56263564173235,47.207799022460314,49.30820804106536,296.60571000721626,92.1228930465812,6.241284722842893,0,89.17386032053774
2024-01-05 11:00:00,34.054801079492876,36.90878580682861,49.35362626905893,294.8064132433301,99.55027418067102,7.0220372115468885,0,89.75531709778235
2024-01-05 11:15:00,33.68590923887602,45.36008622768283,53.28699302443469,293.1976551790576,91.94188510624566,6.410821890695699,0,90.39824891869533
2024-01-05 11:30:00,33.590897469942895,42.18052990978581,53.183305062420814,291.29142867634374,100.0,6.078768652479357,0,90.90975519640241
2024-01-05 11:45:00,35.39769904841793,44.74139910805472,51.25096734428723,289.67228099783375,88.15942663743947,6.247681920458817,0,91.5572079421082
2024-01-05 12:00:00,34.753843340185135,46.24216311685113,49.62568124779163,289.1369322225741,99.65885474043714,6.811499640278928,0,92.42813801953413
2024-01-05 12:15:00,34.635492301232404,45.554153690121154,51.54904659110864,288.043933675662,83.89747401846995,6.855231036661843,0,92.95857498035463
2024-01-05 12:30:00,36.77236468896847,47.345069125526905,42.902093717787245,286.8893921000198,98.68051697834001,6.834615070054239,0,93.17592914001665
2024-01-05 12:45:00,33.74503087419002,50.46216938438531,48.587390236638065,285.4134878457645,100.0,6.70379904063961,0,93.61164980022596
2024-01-05 13:00:00,36.36367174473715,51.657709240194386,52.9522585212639,283.8542265975932,99.36466097678267,6.484786850246253,0,94.45951647782061
2024-01-05 13:15:00,32.649713745474614,39.457524654274636,49.70631102186366,282.30154988475533,96.98500991356443,5.799210194914673,0,95.21900047504269
2024-01-05 13:30:00,34.931942110113944,47.795900702568616,54.24042280020862,281.41234845070244,95.09410745720048,6.514811855909325,0,96.14673177109812
2024-01-05 13:45:00,34.71792369739042,46.50534471166342,52.803925746282026,280.58956604619254,100.0,6.566535478151861,0,96.88174092904855
2024-01-05 14:00:00,34.50898402922401,40.40802020407205,46.31644868647965,278.936829097366,97.56396357520873,6.690813840346156,0,97.53902106224531
2024-01-05 14:15:00,32.36434178606435,55.51087649562993,44.715247595104515,331.27031289103957,80.13217921284276,6.583612818146331,0,98.114134860724
2024-01-05 14:30:00,33.24091011684657,49.260177033104114,49.115728258641816,329.90027847370834,88.96379627218525,6.91183156127646,0,99.08874851725088
2024-01-05 14:45:00,35.193861724439465,50.679191609212616,45.64210826852887,328.01673078300234,88.5801757014776,6.444419890629391,0,99.9231476317577
2024-01-05 15:00:00,30.59856129300928,34.91696238776903,51.29565899338728,327.4205339836716,79.16234407866811,6.579119410141562,0,100.0
2024-01-05 15:15:00,32.170676090445816,55.94157831483626,43.27893886889249,326.164286658077,69.10995631465813,6.478237572284825,0,100.0
2024-01-05 15:30:00,30.142080394910383,50.70700818089193,46.405040534956456,324.29011490920686,78.22172564281517,6.314495126244626,0,100.0
2024-01-05 15:45:00,31.629092005671254,50.74309994604208,43.414363070079666,351.40587786582785,58.47597290667871,6.4554427080942824,0,100.0
2024-01-05 16:00:00,30.601282911589607,42.77418976714456,41.83145765650395,303.77228073942763,54.690580369315164,6.13465034661457,0,100.0
2024-01-05 16:15:00,28.891763302840143,48.07234675715965,47.81761745268797,301.7899380539439,53.53328094355571,6.640467459823008,0,100.0
2024-01-05 16:30:00,29.574943671096644,49.620130854123545,58.75908813136553,300.86991041500687,56.239958405638184,6.872117734883086,0,100.0
2024-01-05 16:45:00,27.99372617707412,50.35504594723266,45.18131305631427,348.71121537388734,44.12173892859691,6.369666457224565,0,100.0
2024-01-05 17:00:00,29.647627184857523,54.68390092827805,50.00220075827418,347.75055222205845,21.700057288362665,6.472538708837592,0,99.50066064848843
2024-01-05 17:15:00,27.685218874783295,61.11428572257404,46.47592910928508,346.7057956944683,34.045181734611084,6.40523012994346,0,99.04292848555284
2024-01-05 17:30:00,26.634959174342086,59.56532945893368,48.51744701691966,345.71551037021806,33.179062170388946,6.223148020501298,0,98.79153702516844
2024-01-05 17:45:00,27.923344070699684,62.84372408659774,37.58757314245944,331.74662781415157,10.313050847176855,6.360138534911983,0,98.3154112018865
2024-01-05 18:00:00,24.0637440371502,66.48517377979395,42.81323187753708,330.75723098745476,0.0,6.505489180405898,0,98.07708823543729
2024-01-05 18:15:00,25.00666490794375,68.40177070679789,48.04363989359812,329.073163340251,0.0,6.3951115446425675,0,97.84190250639544
2024-01-05 18:30:00,25.60732368616761,60.45623880057918,41.955377505827016,327.8979360474446,0.0,6.796313745876089,0,97.57898310063392
2024-01-05 18:45:00,25.154345075167587,59.674592212944866,40.16172832832176,326.197162677621,5.970366670328861,6.441860282715043,0,97.36316982198288
2024-01-05 19:00:00,22.844044218877418,63.42502312628725,48.17455046964126,324.9680956804045,4.909829322519026,6.45249510779356,0,97.04852827704164
2024-01-05 19:15:00,20.766643586066177,65.32604482431317,43.819636520368306,323.75469934299775,9.339190476646719,6.588002500669785,0,96.93650023527056
2024-01-05 19:30:00,22.04345046960644,65.2495632054101,45.606552411730306,364.7414542408152,5.290442393107661,5.855928858042413,0,96.55056784556062
2024-01-05 19:45:00,23.00773212771737,67.02616172413775,52.23744470341656,334.591287458888,7.821344350116538,6.53220160787466,0,96.28395511968382
2024-01-05 20:00:00,22.622236015566102,65.48058281883226,47.14024223635968,307.47300893116574,8.88951674058058,6.858743567245551,0,95.91331071712419
2024-01-05 20:15:00,17.863418085789778,69.13775291715834,38.29697329462566,305.5947339634153,0.5452821922498619,6.704050341989913,0,95.75463481229494
2024-01-05 20:30:00,19.56928674523637,65.91090117634694,43.06403215427753,303.988242191434,6.475821112921479,6.3671522222874914,0,95.5176374466223
2024-01-05 20:45:00,17.328155693885414,72.57054285026445,44.38259725621326,303.0363124197269,8.678881491793968,6.847126426383615,0,95.16454293871843
2024-01-05 21:00:00,19.14863309410294,68.0238847104988,53.57608297510784,329.19725258249076,2.173464740157889,6.67942235596113,0,95.01582776057907
2024-01-05 21:15:00,16.87567357973937,64.8225442971192,46.39097177054897,328.67805727700664,0.5471126055913311,6.547438962358401,0,94.73670280924877
2024-01-05 21:30:00,17.211501836165823,65.91500202637765,41.98295107058196,327.41842377198157,3.2925682120672373,5.852483743953346,0,94.33153732632567
2024-01-05 21:45:00,17.2575162597657,69.95997412080749,48.61550708179661,326.16216086173046,9.995937105246197,6.864546827417645,0,94.1767849802997
2024-01-05 22:00:00,17.095500333827847,69.61965250708198,46.485778560292054,325.35600240089514,9.606134872461086,6.180631772501361,0,93.70219343680102
2024-01-05 22:15:00,17.99602453997368,78.29137701303165,56.58775257877541,302.4748560891011,1.858934157957034,6.679202329859451,0,93.44435911948713
2024-01-05 22:30:00,18.141984895804256,70.65168997191937,46.367380290540154,300.84875397376385,5.996533642930199,6.454903414213398,0,93.13204751461748
2024-01-05 22:45:00,16.706611331598662,73.44372603505099,48.11010390944296,299.2287486687434,9.89776120216237,6.835721220848276,0,92.70506357972661
2024-01-05 23:00:00,15.0,74.18358835021897,50.652798857713755,330.74765585915196,8.881922985434732,6.254539086791602,0,92.24987814423997
2024-01-05 23:15:00,16.472671508541897,77.01941916382239,59.017181529350005,328.8886068122878,8.54787760033554,6.961037086495385,0,91.87366198254821
2024-01-05 23:30:00,15.0,78.7114235299076,41.025582677166526,362.2583580989251,3.8303725580194445,5.912300497611829,0,91.4661551584706
2024-01-05 23:45:00,16.841465162078816,73.36755581605085,54.23647040556394,339.3982617270218,6.353605728179648,6.2450252211430195,0,91.34472909190232
2024-01-06 00:00:00,15.0,72.84164593355632,52.01936159147077,338.41163491833004,1.7822964836158228,7.055137027861024,0,91.04776565041765
2024-01-06 00:15:00,15.056510410925894,73.97239698559947,56.71422363500005,337.12699232283086,8.803062373431661,6.693816845926219,0,90.8742955915469
2024-01-06 00:30:00,17.887581451227284,77.43247837829188,48.52925515082194,346.1631073723852,1.9758238526520133,6.9206916392964475,0,90.74574550915045
2024-01-06 00:45:00,15.045680615421901,84.64475228237659,49.962184727802686,345.10110316730993,1.084957829396196,5.98257235545582,0,90.53034325842187
2024-01-06 01:00:00,15.095930997908582,72.31369001483405,53.69188711613106,366.1347567278321,4.9172752991247,6.147829300089292,0,90.08080206673043
2024-01-06 01:15:00,16.469782256658227,81.91588900056107,56.48567660645776,357.1427325940358,2.207009775416652,6.7394666872563285,0,89.83238800571931
2024-01-06 01:30:00,16.84482969580995,77.09119500973021,53.993214932799404,355.2307331333902,8.842965630068726,5.978192926819983,0,89.63464667497772
2024-01-06 01:45:00,15.705969818611841,74.14635129980286,56.24605868253184,302.68307900680793,4.133347133096693,7.23011514159008,0,89.34035091908264
2024-01-06 02:00:00,18.5665375835767,69.35419626572403,56.606353008585565,301.204487136068,1.9214197958239676,6.838825277055899,0,89.02428351356318
2024-01-06 02:15:00,15.398617461161955,67.70753835562554,56.20315952881458,299.6787134596732,8.756795075777532,7.005320461687506,0,88.87789070639276
2024-01-06 02:30:00,16.4458136468171,76.21301630136537,53.288424546610294,299.0095696263356,0.5457968322090656,6.8125562191781945,0,88.56724871865491
2024-01-06 02:45:00,19.12126033980983,69.01593348335687,47.391733045876734,297.971559328674,8.599607257478963,6.291040489022405,0,88.31056229250618
2024-01-06 03:00:00,18.71769449273454,67.37175349447506,53.6586183715745,296.22982192700965,3.8268353408294056,6.8559752967668794,0,88.18889227150787
2024-01-06 03:15:00,17.368222365854482,74.25385571352457,60.24848260248029,294.3655594313612,5.767638079876193,6.937143277989208,0,87.95967861997778
2024-01-06 03:30:00,18.65431438336681,64.32174577113257,57.38744879038107,293.26143651525683,2.403026316407837,6.2309455437003685,0,87.85896313903031
2024-01-06 03:45:00,19.982491517765126,71.74086461021356,54.79360012396621,291.66079316819975,6.879732264466986,6.814076675005481,0,87.69898103809585
2024-01-06 04:00:00,18.15267193713001,65.9220459996087,50.42235248507124,291.0166710518366,0.14870619082831937,6.324943410154906,0,87.31612371069855
2024-01-06 04:15:00,18.82434194631762,61.31262774517688,50.476433357334614,289.4117335438599,9.05025587061494,6.824330596320419,0,87.0867687193667
2024-01-06 04:30:00,20.40670044167115,56.77890053030105,50.07748670125122,288.00073774483536,4.057586615001104,6.230088576349959,0,86.63936102779648
2024-01-06 04:45:00,21.01224440770526,75.36071130873631,61.91187523544221,324.7742501571817,1.2022487124234638,6.280707558791579,0,86.16916147588681
2024-01-06 05:00:00,20.649074002824662,72.66461554248374,55.234093548252275,322.77864253200727,7.967182355752481,7.001763329433514,0,85.89809724218703
2024-01-06 05:15:00,21.64095152175467,53.24235334005684,48.95488005456353,321.7336225835691,9.514543333802113,6.744648763868159,0,85.44030881165841
2024-01-06 05:30:00,23.814559730544268,61.851302721947356,59.69377253330613,321.04811044255183,7.423814609699486,6.713021973165793,0,85.13014316307711
2024-01-06 05:45:00,20.103585580774972,65.64694815750116,59.36924785450225,319.1570233181745,5.779049130177003,6.616634920466434,0,84.68508639590088
2024-01-06 06:00:00,26.739274856372802,62.372848036076874,56.828345511555916,318.0127594072154,0.0,5.916559687151807,0,84.30442153063265
2024-01-06 06:15:00,24.060488241431884,62.37627000519437,55.50847423585204,346.6686276115678,1.8595613694070958,6.543117278021466,0,84.14646995342459
2024-01-06 06:30:00,23.84210295481678,59.96890651864849,58.51918238661267,345.17992918686923,9.671723607656793,6.331347495880025,0,83.8388689823608
2024-01-06 06:45:00,24.977769654325243,64.36242483407025,56.3097382876295,343.45739770422415,4.179409704414535,6.748285286193899,0,83.44481630294334
2024-01-06 07:00:00,30.080503287582577,46.727424892582036,57.97544276243239,311.298016832685,11.271564415570971,6.386061922237265,0,83.19205063988484
2024-01-06 07:15:00,27.40067671232716,58.983987326382305,57.6087753335647,310.3051256972852,42.057337260019125,6.523078184433307,0,82.76266246376792
2024-01-06 07:30:00,26.435030379831417,52.508609784911734,60.900847936600556,308.7116866150509,20.860653239926428,6.275793784104256,0,82.43047900718436
2024-01-06 07:45:00,24.67299162965057,47.278996891605225,58.91780801057652,307.0432317204631,28.939125069953167,6.48260674664859,0,82.01031826474734
2024-01-06 08:00:00,29.606824103033066,51.36200553688055,55.15710314630451,306.20821471931544,40.21994588483493,6.44524179283512,0,82.94210321122304
2024-01-06 08:15:00,29.31278680541756,46.99239287427118,57.95355192652776,304.8911880934684,42.54767133317257,6.733300648063445,0,83.17962222887799
2024-01-06 08:30:00,26.783859975495794,53.30804472027516,50.058041847396794,303.604886145101,45.078256945152276,6.205620484543453,0,83.64205604436219
2024-01-06 08:45:00,29.676070606048853,48.55652397482725,50.948662320727905,302.95458351476015,44.7504951019035,6.311692195412613,0,84.16145271628466
2024-01-06 09:00:00,30.80212056012504,52.14386717563587,55.41981511547588,302.2098192204444,73.83466593473982,6.498535328053738,0,84.83954343413367
2024-01-06 09:15:00,32.802191786345695,43.9305170006555,60.38827524971813,300.67259364797565,74.75651362204117,6.888171483684176,0,85.38757723694471
2024-01-06 09:30:00,31.510885152183185,49.79425315997519,51.34956518556821,300.00805066695136,78.95751143227935,6.871024450068313,0,85.89855269611081
2024-01-06 09:45:00,31.409996648873527,41.14216581648114,56.19334074257465,298.5699055029468,79.46315957767057,6.6254513961440304,0,86.826788490977
2024-01-06 10:00:00,32.10645765960242,43.09003615968447,57.35847967382106,297.43560004821944,87.56631358440917,6.530683359900708,0,87.77325863721279
2024-01-06 10:15:00,32.53375026801504,46.95362913443088,53.29604767139362,295.8170847501125,86.0312991064854,6.385909336052097,0,88.43225461427085
2024-01-06 10:30:00,33.922600890829386,48.60887411719723,52.736310170855376,295.01938558844813,93.04586610599499,6.466667804936853,0,89.23428205210065
2024-01-06 10:45:00,33.307433619557,52.95368961551659,56.921998947579986,294.4137151748125,67.51848360899945,6.812342622028156,0,89.49820382858054
2024-01-06 11:00:00,37.94048137268942,44.67047764319165,46.58469954335608,292.78871456911014,91.49317168976563,6.718520692816174,0,90.41596620841793
2024-01-06 11:15:00,33.6977619250068,48.09611031310167,61.050801645419334,291.44975060624114,98.76398440628397,6.228674759303623,0,91.39454972773609
2024-01-06 11:30:00,35.637207323890074,39.2868381653783,53.114895047820035,290.8382290371845,100.0,6.46068002489355,0,91.9009299041633
2024-01-06 11:45:00,34.57731166833052,48.89602826896081,52.880735799457405,290.2282561607573,92.64029220740177,6.4933387205164035,0,92.17005335714741
2024-01-06 12:00:00,37.09198094929852,44.89301422501671,51.35224419848298,288.69223907226143,94.98199733505615,6.877301924434414,0,92.85700054040345
2024-01-06 12:15:00,34.54446367323017,54.890225334830845,53.074106281628914,287.44374775590285,100.0,6.509195236024956,0,93.61477395039299
2024-01-06 12:30:00,33.04239242664464,50.66286395621504,51.76111851674804,286.7821809182485,100.0,7.0591339445199575,0,94.20232564673405
2024-01-06 12:45:00,32.41915261199579,51.833602234935,46.71534340446254,286.0828009702889,98.45980595411822,7.005213837397163,0,94.75692634942514
2024-01-06 13:00:00,36.45849087428631,39.298676998914694,47.310304245335644,284.3957118320007,99.4853619982125,6.553876865816034,0,95.04133520586178
2024-01-06 13:15:00,36.580402903937284,34.435059910094594,51.87712251585759,282.59432440040945,100.0,6.41858021088847,0,95.77552756863679
2024-01-06 13:30:00,35.53367466761731,52.93230526658167,54.936972079991044,281.51260624979665,96.90189659438468,6.896604635202889,0,96.37333044387117
2024-01-06 13:45:00,37.38292864615389,33.62303886383507,48.36362759448757,279.6000484522333,100.0,6.87209150441448,0,96.73520474458404
2024-01-06 14:00:00,33.909066869118874,44.013430053418155,41.88450664702049,277.77792272270625,90.33657510624215,6.357051987799436,0,97.38957435719848
2024-01-06 14:15:00,36.14524834665905,54.362470096057855,55.47216556059342,276.5422237714646,78.31364340018581,6.6131740235929515,0,98.37527156736503
2024-01-06 14:30:00,32.84866981468737,46.88912625355303,41.59625670684082,371.59133433318163,98.67015236525162,6.285508272726528,0,98.7191286095739
2024-01-06 14:45:00,31.94286922318557,41.33210823652716,44.04465405942698,370.6137991877965,91.57870637348778,6.688516737067047,0,99.5258003215642
2024-01-06 15:00:00,31.90686753119239,43.29415181164086,38.747930084479606,369.3560808301253,83.74393922881997,6.57074912108554,0,99.8128875215469
2024-01-06 15:15:00,32.45418247860645,48.61638774568163,53.3828259100756,368.53433572975246,64.65362306064375,6.945844479071503,0,100.0
2024-01-06 15:30:00,30.475463617596603,51.2155566009841,43.360432838298415,367.9028401467729,62.73361880323146,7.007294029336036,0,100.0
2024-01-06 15:45:00,32.74656816135411,61.58393497583887,48.387488609609925,367.19606152534504,78.06060369017496,6.727355451696487,0,100.0
2024-01-06 16:00:00,30.00030244999703,41.7854343432009,47.75999459166095,366.6406615098181,53.355735831105,6.446093145623748,0,100.0
2024-01-06 16:15:00,29.836511314415375,61.72189601111762,46.54903363807115,371.6465874538378,48.9128143439995,6.606451920206384,0,100.0
2024-01-06 16:30:00,30.979287108377946,54.263761349702136,44.90097151949196,371.12210912723003,55.36622429999308,6.8201250353012695,0,100.0
2024-01-06 16:45:00,29.166481387439116,66.14572613864897,50.26180534387033,310.30293322334154,62.36220215194,6.459719234403061,0,100.0
2024-01-06 17:00:00,28.987247637924042,41.67306532590705,45.04705422725808,366.3171541023671,42.94490216123846,6.214444079261771,0,99.63052072264915
2024-01-06 17:15:00,26.291120923035283,57.75614738165171,33.946506556165644,364.6611652665571,12.184246965287823,6.449471636032301,1,99.243124964047
2024-01-06 17:30:00,28.881328171791097,47.730688585466204,46.84831924794202,364.0190592371015,26.705457224582183,6.228498472547157,0,98.91872992593568
2024-01-06 17:45:00,26.36551548133182,64.16548168106794,40.71539639847629,363.398826039213,13.897705324978569,6.553780340818765,0,98.72382523687318
2024-01-06 18:00:00,22.57993934061298,61.76009111445266,48.000955044331114,362.59939272598916,3.673904920718854,6.694485829782569,0,98.29763803159491
2024-01-06 18:15:00,25.69961629287379,55.648363231651004,43.71341909266964,361.04612971365543,3.1343894892723374,6.532590305929257,0,98.09186898871499
2024-01-06 18:30:00,25.973318181046512,60.02350197179332,37.12051898159786,359.68971877708776,0.0,6.3189319260855745,0,97.75550467627914
2024-01-06 18:45:00,27.00021596644603,61.6815884650464,45.24254229516251,358.39235718021126,0.0,6.0917543236759375,0,97.48056939048817
2024-01-06 19:00:00,24.019520247097176,71.35135643150672,51.59595389493375,356.5969727557088,6.065905047208576,6.45511311581716,0,97.36510235489777
2024-01-06 19:15:00,21.3784370741456,62.81414676352608,43.68959164454992,354.9797552794943,3.87218411708373,5.9793796861311215,0,96.99357590763852
2024-01-06 19:30:00,22.92940367304224,55.75842271502535,39.686121764156056,353.6431843405813,7.005887039587445,6.158984316878783,0,96.7870121710357
2024-01-06 19:45:00,22.572571538724493,63.60157645990124,38.73757275192564,352.8435524690732,9.838281740700051,6.078394348637554,0,96.51155057136664
2024-01-06 20:00:00,17.803640791214782,72.16921481451656,53.09068099694032,351.2445110346091,0.770227241187621,6.767719048772336,0,96.35193376554639
2024-01-06 20:15:00,18.07463155527318,58.153456576635506,38.48494185698997,349.92646502559836,5.301676819720939,6.711571226260656,0,96.12507169327955
2024-01-06 20:30:00,18.733207124432525,70.27835305043588,36.20180650872072,348.7185668165568,7.667132585858649,6.679946877202088,0,95.94704554323043
2024-01-06 20:45:00,20.429143360155287,71.54933868696386,43.114501428511325,347.1899972463814,8.230977174726444,6.20299607873289,0,95.77089058519883
2024-01-06 21:00:00,17.61327145742584,77.12495522457283,52.36843464585969,345.60061730343074,7.637837265872487,6.691447849302136,0,95.53239926082577
2024-01-06 21:15:00,17.287752687498134,69.4873448405471,45.40697181235109,345.08170203309146,2.3354299515631904,6.79081159265736,0,95.27449601624008
2024-01-06 21:30:00,17.344179178441397,67.34355007695868,43.32301761817615,344.51487742312383,9.9947514230208,5.976921927030685,0,95.15272026189973
2024-01-06 21:45:00,17.664348621372696,77.00850491828915,44.47771466115904,343.09987793196086,0.13723185163754037,6.3284002382462985,0,94.97452632292611
2024-01-06 22:00:00,15.0,68.58282528690785,39.2162101745443,341.6148362338695,2.021558153761248,6.8313860751443185,0,94.82423572944342
2024-01-06 22:15:00,15.891925098587475,82.38173340492548,45.14035135563289,368.19078319807994,7.795993385736944,6.25545599060606,0,94.66709074302081
2024-01-06 22:30:00,17.58281499712091,66.98517023602709,42.09838037236178,379.63691244609447,5.1586372199333255,6.891731703328841,0,94.3113765412426
2024-01-06 22:45:00,15.393733154982748,65.68940423676592,49.13742098737666,378.2900158129744,4.134121835479059,6.2175895915091735,0,94.01425010246591
2024-01-06 23:00:00,17.509357093824292,67.76905295693845,50.874389428035244,376.37828540455865,1.4883710843842624,6.44967868698151,0,93.78137298268848
2024-01-06 23:15:00,15.0,80.31351327718396,50.938160800017435,375.4951468660412,0.41556908175445995,6.4798917861625025,0,93.29461359248663
2024-01-06 23:30:00,15.0,63.7625927745933,46.36915271747205,374.0732005524293,6.699531211724007,6.364424204350674,0,93.1299326432145
2024-01-06 23:45:00,17.711126482964676,76.15702062040921,43.495881485227684,372.20434530841385,1.2208646565322145,6.176265846901032,0,92.70604740043221
2024-01-07 00:00:00,15.845668023969976,76.4497285386391,45.73700943529197,371.3196578505164,7.167499842992175,6.278651983735498,0,92.27356902239521
2024-01-07 00:15:00,15.697619914393321,77.52058497458333,48.756952831886366,369.3484687831886,4.835630394673965,6.1334641785989215,0,91.95791578345292
2024-01-07 00:30:00,15.0,77.65695946403021,47.53616759302193,367.8464371208943,7.781238787721886,6.504787031740006,0,91.62692570584692
2024-01-07 00:45:00,15.743657794409755,65.16379044756637,50.23692090624565,367.02646360699504,3.169580215608665,5.891141510417084,0,91.17287303776078
2024-01-07 01:00:00,15.07555700218699,83.72733170229222,49.69277029742711,365.5356065297375,5.437135121020975,6.15095776861034,0,91.00424946540103
2024-01-07 01:15:00,15.0,77.66480982274159,50.726859022823156,363.62917285211034,5.659638076726847,6.51812697845489,0,90.53435910784005
2024-01-07 01:30:00,16.40702848380859,70.94553322821164,50.37716632880214,349.11426504207725,6.0941249117628065,6.745004326605573,0,90.04463656331838
2024-01-07 01:45:00,16.464503958359217,72.93038977895523,44.49914879602125,347.28586211338256,7.14845723597545,6.416328081417163,0,89.76229689492452
2024-01-07 02:00:00,18.345351402847637,76.74242120970777,52.31470732178436,346.37356899225995,3.879537784809355,6.90825864290149,0,89.27206699155688
2024-01-07 02:15:00,15.0,78.09584133484334,49.527210525829865,344.5388268018171,5.894755792515447,5.911173979066493,0,88.99729085779472
2024-01-07 02:30:00,16.121810432134012,71.55788436212023,51.236420538185726,342.75089953357565,9.744396205168059,5.932774910255289,0,88.82160432704104
2024-01-07 02:45:00,15.507140343778158,69.52789658265324,54.8718030263571,342.12586236813604,4.029248583145356,7.110732331672082,0,88.54438308330779
2024-01-07 03:00:00,18.56392853263953,74.54081956495754,58.018255061748455,341.1521081884785,9.53504872616821,6.391640014120214,0,88.24497251122393
2024-01-07 03:15:00,18.229300426185954,76.26531720013027,60.65683180938439,339.5580893053836,3.0089854524550175,6.2860104131800805,0,87.92388766554011
2024-01-07 03:30:00,18.324006967949224,76.11790387773705,45.891342295687515,337.6795019127954,5.924716879418969,6.234165542559936,0,87.5755691761716
2024-01-07 03:45:00,16.680022730692293,68.34738478703133,56.13191900912532,336.5098892997324,4.544902975927288,6.442362523762937,0,87.33334176658994
2024-01-07 04:00:00,19.335764800100367,69.78945517611493,58.97233165548852,334.72231342351955,9.030626920964787,6.330263449137126,0,86.87520890243064
2024-01-07 04:15:00,18.236183054277355,66.74208180568756,52.36398209103385,333.5549984229796,5.744163282669533,7.102387127400169,0,86.53531472015072
2024-01-07 04:30:00,18.41198444513156,58.35037980286455,52.86537518439835,332.8385275844446,7.096200531742029,6.346443602230335,0,86.19808176083532
2024-01-07 04:45:00,20.291809005516104,60.786856336056104,55.771444944713096,331.93925019829027,0.7390945907960578,6.7580148231771116,0,85.8846602896082
2024-01-07 05:00:00,22.731789678564784,62.31629735179157,58.67015873950932,330.7366595354967,0.4478730416702581,6.839898596544435,0,85.39261952834472
2024-01-07 05:15:00,21.38861816209559,65.21855522993458,59.89034398300498,329.879281954951,1.7286122128309767,6.819018585522583,0,85.17313358239863
2024-01-07 05:30:00,23.054996392042394,62.35597452975393,54.39253114239953,328.7035113661325,2.958693584789933,7.093313999145342,0,84.86048330923312
2024-01-07 05:45:00,21.597587968081108,57.87680737594734,56.733988735199134,332.2047464005254,1.6664068040353341,6.320394994868486,0,84.6079600277266
2024-01-07 06:00:00,22.577846243630937,62.53103653106846,57.46282083351203,314.06811815950266,0.0,6.3652646869674925,0,84.21985019355883
2024-01-07 06:15:00,24.188415234634146,56.26900208006134,66.55213244585342,312.7484587757005,0.0,6.5015160605073214,0,84.10566911908009
2024-01-07 06:30:00,24.881969869752183,66.55508423117514,59.348559363352194,312.2363261332545,0.0,6.483848861369956,0,83.96870043473483
2024-01-07 06:45:00,23.99822429835333,62.12480799488534,53.65905615892306,311.59802892716084,2.7193322710817887,6.53800689801033,0,83.49326266832901
2024-01-07 07:00:00,27.671534094105308,55.71697022816774,52.393253566137595,309.63494955070274,16.376293309733676,6.6572422777722275,0,83.03716687213698
2024-01-07 07:15:00,26.836537744583502,52.12721865760806,58.1495530226752,308.5995535866122,21.69968853615577,5.799643466480687,0,82.93609406942248
2024-01-07 07:30:00,29.17568667683812,55.10299796806387,56.87066986550775,306.7026551076282,25.486472106180237,7.016434419009629,0,82.81153207222026
2024-01-07 07:45:00,25.751583169706336,56.019689790603714,60.7405824122639,305.6108291325336,28.634723802193022,6.60753973825376,0,82.43115069551715
2024-01-07 08:00:00,30.564073933259937,49.590844142699794,58.34020939201807,304.7299450276297,54.86178017967679,6.554468285047783,0,82.94181450872811
2024-01-07 08:15:00,30.07072441694543,53.83595278174954,49.15245404828018,375.15384511341375,46.00571991687187,6.6252287382716695,0,83.93265086350233
2024-01-07 08:30:00,27.11547084800572,58.411907828545864,61.85939430960899,374.5303360124984,54.04897096972043,6.847598120068476,0,84.32365965890413
2024-01-07 08:45:00,28.768324048952316,58.780029774776686,55.85492983803095,372.6969380780979,49.48920455779791,6.918596608165923,0,84.67582079968368
2024-01-07 09:00:00,29.883702994796035,59.70442019334071,59.217856784055876,344.36559764576583,77.65869220236456,6.248529178702054,0,85.04114617683692
2024-01-07 09:15:00,32.057482858639375,51.940728773768484,54.9448553136833,342.9207366714845,67.24567935730903,6.425967014637108,0,85.38642089856182
2024-01-07 09:30:00,32.61556355743805,49.346869693668644,54.22384176665782,341.83383867586485,80.89571302113325,6.3257405070946975,0,85.67249719004415
2024-01-07 09:45:00,33.89230997106747,51.673838139424284,58.39628641148952,340.44321248314714,65.28645292732008,7.050532168712582,0,86.2557419318284
2024-01-07 10:00:00,35.278065566483825,53.38565127850085,64.11771824074191,338.98593542404035,78.5078777267079,6.129690757762148,0,86.54854718069387
2024-01-07 10:15:00,35.75983230799775,49.5498574754598,49.94349161338404,338.32693935784494,81.68852836279257,6.800265789494601,0,87.52220461374304
2024-01-07 10:30:00,32.67114977258471,47.81955772505607,45.53741691792728,336.8513986819655,93.9093521805192,6.274353885983596,0,87.7258171431791
2024-01-07 10:45:00,33.368201192512224,40.9891275936034,54.66791824063493,335.14202332828415,85.59188532682329,6.5176201364048305,0,88.02144611269985
2024-01-07 11:00:00,34.33696458558006,41.094660160207084,51.86790849987939,333.1505153936758,87.3479029145181,6.671372340817055,0,88.51460564973222
2024-01-07 11:15:00,35.982855026861614,48.02489091402291,46.45440547808129,360.8146804004846,88.34964016475021,6.432535762133699,0,89.32461223116063
2024-01-07 11:30:00,34.93088678223911,41.32790302626064,51.74111508156732,360.05456975975807,90.46671780836785,6.253638941691213,0,89.81750258250867
2024-01-07 11:45:00,35.24242212834192,36.539203073809894,45.4498148518893,358.75445076942816,99.20690137288882,5.855087254857198,0,90.54143240576512
2024-01-07 12:00:00,34.191250024140096,49.49604197446134,50.1866528201863,358.07339999757465,100.0,6.267647391722443,0,90.79689566866267
2024-01-07 12:15:00,35.94982003956766,42.24714532077534,53.90512899851239,375.0894848257476,92.8715659978179,6.283956523865043,0,91.26668638704786
2024-01-07 12:30:00,33.29878805292283,38.18865060481976,53.44685600528804,373.51503881586086,95.33095658634727,6.705230155952938,0,91.5585054612584
2024-01-07 12:45:00,37.94702537958791,48.96828658651824,52.79437183101994,371.88462752778275,93.38520681908712,6.2531745174045925,0,92.18221047458104
2024-01-07 13:00:00,35.16040279509853,45.54882460863015,48.04826843105037,371.19081715301553,94.8394061117939,6.037871807784349,0,93.00452278005169
2024-01-07 13:15:00,35.93481440039076,47.49819397494179,47.99257625031413,344.3787134517722,98.3715883375686,5.737747951653097,0,93.50142783395748
2024-01-07 13:30:00,34.65602885196237,35.446376475887476,50.938403102843665,343.4697122148326,93.16206936499921,6.314444836805459,0,94.411112543738
2024-01-07 13:45:00,31.607675814846214,43.948238837637334,49.247562321527845,369.1746980089998,100.0,6.578721682640958,0,95.30161233808666
2024-01-07 14:00:00,31.41815845452373,49.15920043678989,45.116418628577044,368.09969506437136,95.72137069319012,6.662798385664175,0,96.03868158159669
2024-01-07 14:15:00,31.113113038702163,51.39840509695133,46.932767075548085,326.8834826866814,85.86121944244202,6.4882595835977614,0,96.27508990240514
2024-01-07 14:30:00,33.26720339825178,41.827834914509396,45.32571775343238,325.1486731144903,86.5774282970667,6.4557161012347475,0,97.08724936510639
2024-01-07 14:45:00,34.94410964184382,43.080566012716965,43.006160157633744,323.30415230873297,87.02520097855772,7.089855021433589,0,97.9912685759899
2024-01-07 15:00:00,34.771937044220664,50.42571823865507,49.66274105170605,372.75322345921137,75.12071068037753,5.971964484933307,0,98.24085350207537
2024-01-07 15:15:00,33.15718720323704,42.35171255430562,43.878189793989094,370.99172520827085,77.14901601453839,6.649536610112945,0,99.12577379945667
2024-01-07 15:30:00,31.002962353995414,50.362222009198994,45.4743504147181,370.1181290642059,67.9830494473295,6.431653787717434,0,99.75602808640991
2024-01-07 15:45:00,32.34883384227005,37.789998634743846,51.9921186302154,369.42685781210264,80.49546936192188,6.650595802908526,0,100.0
2024-01-07 16:00:00,30.128815001801655,55.48496337440622,49.29952307370391,368.6762742965295,59.16536452688236,6.1243168732230595,0,100.0
2024-01-07 16:15:00,29.152022365679848,55.79929636966629,51.2116390437161,379.86398454956634,44.09021762760697,6.595681655753197,0,100.0
2024-01-07 16:30:00,28.71911316603808,48.12629805752053,38.395356431294324,379.0730590114772,45.105593401109836,6.562682750834014,0,100.0
2024-01-07 16:45:00,30.112503299860293,48.14492101200665,43.34649970383424,378.1517908312445,67.76636983972404,6.615603226852767,0,100.0
2024-01-07 17:00:00,27.866221826501324,58.21051679953129,44.63656486138948,376.3171852690038,13.561614483651583,6.399677466434244,0,99.64012106014516
2024-01-07 17:15:00,24.065510184959077,59.59969745806171,50.1852438051678,375.62107204821547,20.01768579583319,6.179541499212033,0,99.16819318692457
2024-01-07 17:30:00,29.571389753921824,53.77623745770565,51.94938875442033,368.5545638987908,20.81255040770396,6.339693060610262,0,98.77334898473747
2024-01-07 17:45:00,30.48089973920565,62.989692059774775,48.95005095991195,338.83245254528515,22.668556684330557,6.7359203076178495,0,98.58563638105375
2024-01-07 18:00:00,23.357988210638148,66.70304244484666,43.32224071354498,337.44278685988684,0.0,6.596416072850377,0,98.3678249823873
2024-01-07 18:15:00,26.654836912961276,53.97193481486788,44.405027968222406,335.6505733931397,7.6992287410055695,6.655091976601341,0,98.17672299523694
2024-01-07 18:30:00,24.690687741207622,60.96901878982392,48.55347360826699,334.7549605696685,0.0,6.679285009433974,0,98.01690393400311
2024-01-07 18:45:00,25.52962172047678,69.9478232125869,47.57734537094803,333.91819273657336,0.0,6.918608817046107,0,97.57301652576463
2024-01-07 19:00:00,24.56435179929601,56.90536517657952,39.07007035567003,333.35765052323023,1.3477567663701628,6.523471201874352,0,97.2350494720486
2024-01-07 19:15:00,22.429739829434126,69.80789689459756,46.06634952561076,331.3781605755737,8.641431533957157,7.105321637688923,0,96.7808489348516
2024-01-07 19:30:00,21.624112924080457,70.37428997900982,45.54656675504953,329.4591246448054,8.786895850220821,6.637570141997716,0,96.49899509529023
2024-01-07 19:45:00,22.957641523322426,60.92119887953289,44.35537452840119,328.27643542673286,7.103331057034575,6.493643698244409,0,96.12911310694895
2024-01-07 20:00:00,20.85532358367166,70.97475632577186,45.32509611495052,327.17539941810713,9.31200187197861,6.616058756909292,0,95.82742305119135
2024-01-07 20:15:00,22.50824832300408,67.85767337746573,42.99236136791991,326.5801613840786,6.06540139923651,6.00702424051031,0,95.36267641437807
2024-01-07 20:30:00,23.394263028950768,72.62893221559611,43.13316530090673,325.9279652369231,0.47575655208118794,6.166827924707755,0,94.90957527124087
2024-01-07 20:45:00,17.79930826716435,67.14869788362181,43.29534219983463,324.25521351466665,8.21812662727343,6.6134303139144555,0,94.7062326651733
2024-01-07 21:00:00,17.641046340461727,77.08832990962773,42.612808351961554,323.1683895863632,6.978961377486765,6.524849899401288,0,94.54997941841027
2024-01-07 21:15:00,18.960408586329986,70.44561727173067,47.99530177099511,322.4144371135287,9.431800917454392,6.302691953966109,0,94.17222456216734
2024-01-07 21:30:00,17.831801630957965,72.6250224952189,45.760628264146234,321.21529855086,9.253447774128862,6.231920816289827,0,93.67911219738464
2024-01-07 21:45:00,17.512103371038208,71.92614651663921,46.73262513899045,319.3724333267855,2.157679978919842,6.860951619322357,0,93.47422195823157
2024-01-07 22:00:00,15.0,71.48208475975663,44.844918953999255,318.6849287926771,3.1580656522974415,7.060093688637975,0,93.15691717052536
2024-01-07 22:15:00,18.91363421016518,76.29705745867446,45.02869858755948,308.1975510698982,4.524386155836931,6.213465266800945,0,92.94462798916953
2024-01-07 22:30:00,17.756834195277527,75.58680052386602,39.15101953839137,307.5467632916764,0.9712027279833679,6.956927139669417,0,92.8175871313622
2024-01-07 22:45:00,15.65989713599142,73.17216522480481,42.13220089116251,370.9948652428011,0.6408244044778366,6.923072326334176,0,92.43115630334277
2024-01-07 23:00:00,16.560283798218325,74.3403099324266,44.04536001605387,369.5813980524813,9.196268160024186,6.207512775154642,0,92.07764779694507
2024-01-07 23:15:00,15.0,89.0476643984751,47.961873595377504,368.4460551267498,1.4515005187409558,6.318553131873487,0,91.83649535421088
2024-01-07 23:30:00,15.0,79.38638560330287,47.89779917699212,366.5348300811513,4.853547772832092,6.870020836164206,0,91.6358330218344
2024-01-07 23:45:00,15.810077113256433,81.3497974061775,53.06453781130879,365.2650900473116,3.242380650766722,6.211628919796578,0,91.49415410159621
